Name,Close
GOOGL,217.83
GOOGL,222.84
GOOGL,225.85
GOOGL,233.06
GOOGL,233.68
GOOGL,235.11
GOOGL,236.05
GOOGL,232.05
GOOGL,233.36
GOOGL,233.79
GOOGL,222.68
GOOGL,218.44
GOOGL,199.93
GOOGL,213.96
GOOGL,221.74
GOOGL,216.72
GOOGL,217.35
GOOGL,216.96
GOOGL,213.62
GOOGL,216.55
GOOGL,201.09
GOOGL,198.22
GOOGL,190.97
GOOGL,192.74
GOOGL,184.14
GOOGL,184.72
GOOGL,179.56
GOOGL,181.49
GOOGL,173.02
GOOGL,171.83
GOOGL,171.36
GOOGL,183.41
GOOGL,184.56
GOOGL,183.48
GOOGL,182.93
GOOGL,189.22
GOOGL,188.89
GOOGL,195.38
GOOGL,181.49
GOOGL,182.58
GOOGL,188.41
GOOGL,189.28
GOOGL,184.23
GOOGL,182.41
GOOGL,177.12
GOOGL,171.67
GOOGL,168.92
GOOGL,168.7
GOOGL,175.76
GOOGL,172.42
GOOGL,169.55
GOOGL,170.06
GOOGL,174.27
GOOGL,170.13
GOOGL,170.28
GOOGL,171.12
GOOGL,183.08
GOOGL,185.03
GOOGL,188.79
GOOGL,197.69
GOOGL,194.41
GOOGL,195.19
GOOGL,195.04
GOOGL,202.37
GOOGL,204.2
GOOGL,205.8
GOOGL,203.28
GOOGL,208.4
GOOGL,205.03
GOOGL,204.68
GOOGL,201.28
GOOGL,203.61
GOOGL,202.32
GOOGL,205.46
GOOGL,207.71
GOOGL,218.77
GOOGL,220.47
GOOGL,213.79
GOOGL,213.2
GOOGL,210.23
GOOGL,209.18
GOOGL,199.65
GOOGL,197.6
GOOGL,197.28
GOOGL,197.57
GOOGL,197.35
GOOGL,197.59
GOOGL,204.6
GOOGL,201.69
GOOGL,193.69
GOOGL,187.25
GOOGL,188.29
GOOGL,185.84
GOOGL,187.44
GOOGL,185.68
GOOGL,185.2
GOOGL,185.66
GOOGL,187.98
GOOGL,190.82
GOOGL,191.69
GOOGL,190.87
GOOGL,186.16
GOOGL,186.1
GOOGL,191.5
GOOGL,189.91
GOOGL,187.41
GOOGL,195.19
GOOGL,193.45
GOOGL,196.85
GOOGL,193.48
GOOGL,190.96
GOOGL,193.46
GOOGL,192.39
GOOGL,195.7
GOOGL,195.55
GOOGL,194.26
GOOGL,193.78
GOOGL,201.27
GOOGL,200.17
GOOGL,202.63
GOOGL,202.31
GOOGL,201.36
GOOGL,203.26
GOOGL,209.11
GOOGL,209.87
GOOGL,211.81
GOOGL,210.94
GOOGL,211.81
GOOGL,210.44
GOOGL,209.31
GOOGL,212.49
GOOGL,208.83
GOOGL,204.62
GOOGL,201.95
GOOGL,204.15
GOOGL,201.73
GOOGL,199.7
GOOGL,193.75
GOOGL,195.25
GOOGL,195.65
GOOGL,194.87
GOOGL,192.94
GOOGL,191.39
GOOGL,194.25
GOOGL,193.49
GOOGL,187.94
GOOGL,183.8
GOOGL,187.88
GOOGL,187.11
GOOGL,189.16
GOOGL,190.69
GOOGL,188.66
GOOGL,187.29
GOOGL,184.43
GOOGL,184.9
GOOGL,190.68
GOOGL,194.05
GOOGL,193.09
GOOGL,191.87
GOOGL,188.84
GOOGL,189.33
GOOGL,186.9
GOOGL,187.05
GOOGL,186.82
GOOGL,190.67
GOOGL,189.66
GOOGL,190.57
GOOGL,189.45
GOOGL,189.49
GOOGL,192.37
GOOGL,190.26
GOOGL,189.43
GOOGL,189.11
GOOGL,192.24
GOOGL,196.15
GOOGL,203.49
GOOGL,202.19
GOOGL,205.14
GOOGL,207.55
GOOGL,202.11
GOOGL,198.7
GOOGL,203.63
GOOGL,202.09
GOOGL,202.19
GOOGL,203.64
GOOGL,201.66
GOOGL,201.99
GOOGL,201.15
GOOGL,200.92
GOOGL,202.22
GOOGL,208.06
GOOGL,206.11
GOOGL,210.46
GOOGL,214.71
GOOGL,213.54
GOOGL,213.46
GOOGL,213.93
GOOGL,213.86
GOOGL,211.09
GOOGL,210.53
GOOGL,209.86
GOOGL,213.24
GOOGL,230.06
GOOGL,240.63
GOOGL,236.89
GOOGL,243.54
GOOGL,242.79
GOOGL,237.84
GOOGL,238.52
GOOGL,238.43
GOOGL,233.98
GOOGL,235.19
GOOGL,236.13
GOOGL,238.71
GOOGL,236.52
GOOGL,237.74
GOOGL,236.55
GOOGL,237.01
GOOGL,240.76
GOOGL,244.89
GOOGL,246.21
GOOGL,248.2
GOOGL,249.64
GOOGL,247.77
GOOGL,255.08
GOOGL,254.26
GOOGL,252.8
GOOGL,242.62
GOOGL,244.99
GOOGL,242.57
GOOGL,242.65
GOOGL,240.64
GOOGL,242.67
GOOGL,243.74
GOOGL,244.6
GOOGL,241.56
GOOGL,242.3
GOOGL,242.21
GOOGL,241.13
GOOGL,239.73
GOOGL,241.3
GOOGL,240.39
GOOGL,231.63
GOOGL,234.55
GOOGL,231.68
GOOGL,228.33
GOOGL,228.02
GOOGL,228.99
GOOGL,234.25
GOOGL,231.51
GOOGL,230.47
GOOGL,234.03
GOOGL,241.87
GOOGL,243.84
GOOGL,242.03
GOOGL,242.99
GOOGL,244.97
GOOGL,250.11
GOOGL,252.75
GOOGL,252.39
GOOGL,248.89
GOOGL,244.16
GOOGL,245.12
GOOGL,240.66
GOOGL,239.76
GOOGL,249.78
GOOGL,244.29
GOOGL,248.17
GOOGL,246.48
GOOGL,247.41
GOOGL,251.0
GOOGL,241.12
GOOGL,240.99
GOOGL,233.81
GOOGL,235.98
GOOGL,235.24
GOOGL,235.75
GOOGL,231.18
GOOGL,229.37
GOOGL,229.78
GOOGL,233.2
GOOGL,230.97
GOOGL,235.2
GOOGL,236.29
GOOGL,238.17
GOOGL,238.16
GOOGL,235.55
GOOGL,232.7
GOOGL,224.61
GOOGL,224.95
GOOGL,224.34
GOOGL,219.56
GOOGL,220.69
GOOGL,229.0
GOOGL,228.05
GOOGL,227.59
GOOGL,226.71
GOOGL,227.6
GOOGL,221.74
GOOGL,224.22
GOOGL,223.32
GOOGL,220.65
GOOGL,223.84
GOOGL,222.86
GOOGL,228.5
GOOGL,231.25
GOOGL,231.15
GOOGL,232.73
GOOGL,232.04
GOOGL,231.17
GOOGL,230.69
GOOGL,229.31
GOOGL,229.49
GOOGL,236.54
GOOGL,235.75
GOOGL,235.99
GOOGL,234.34
GOOGL,233.48
GOOGL,232.5
GOOGL,233.93
GOOGL,233.38
GOOGL,237.37
GOOGL,236.64
GOOGL,238.24
GOOGL,236.06
GOOGL,241.48
GOOGL,239.78
GOOGL,239.0
GOOGL,239.23
GOOGL,240.83
GOOGL,239.74
GOOGL,235.93
GOOGL,234.73
GOOGL,233.12
GOOGL,236.85
GOOGL,235.8
GOOGL,233.87
GOOGL,233.64
GOOGL,234.86
GOOGL,230.97
GOOGL,233.6
GOOGL,231.12
GOOGL,229.23
GOOGL,236.54
GOOGL,235.72
GOOGL,235.4
GOOGL,235.54
GOOGL,238.17
GOOGL,237.22
GOOGL,237.4
GOOGL,242.0
GOOGL,243.8
GOOGL,249.55
GOOGL,249.2
GOOGL,250.45
GOOGL,253.79
GOOGL,259.68
GOOGL,259.38
GOOGL,257.79
GOOGL,258.0
GOOGL,255.93
GOOGL,252.64
GOOGL,252.87
GOOGL,251.67
GOOGL,253.2
GOOGL,257.86
GOOGL,257.41
GOOGL,255.24
GOOGL,257.31
GOOGL,262.75
GOOGL,263.97
GOOGL,265.4
GOOGL,263.41
GOOGL,262.77
GOOGL,261.61
GOOGL,265.46
GOOGL,267.44
GOOGL,271.09
GOOGL,269.97
GOOGL,271.55
GOOGL,271.94
GOOGL,272.51
GOOGL,272.94
GOOGL,276.36
GOOGL,276.77
GOOGL,277.78
GOOGL,275.02
GOOGL,274.57
GOOGL,260.32
GOOGL,256.51
GOOGL,257.26
GOOGL,255.13
GOOGL,254.25
GOOGL,256.2
GOOGL,258.31
GOOGL,255.25
GOOGL,256.73
GOOGL,255.76
GOOGL,251.75
GOOGL,255.25
GOOGL,258.27
GOOGL,263.15
GOOGL,257.62
GOOGL,258.13
GOOGL,258.01
GOOGL,254.55
GOOGL,249.02
GOOGL,246.01
GOOGL,250.27
GOOGL,249.21
GOOGL,253.56
GOOGL,256.63
GOOGL,256.35
GOOGL,257.76
GOOGL,256.89
GOOGL,253.45
GOOGL,256.7
GOOGL,255.96
GOOGL,257.88
GOOGL,262.84
GOOGL,264.16
GOOGL,262.02
GOOGL,259.93
GOOGL,257.5
GOOGL,260.93
GOOGL,261.59
GOOGL,262.65
GOOGL,264.64
GOOGL,262.91
GOOGL,267.9
GOOGL,273.7
GOOGL,276.69
GOOGL,280.33
GOOGL,284.29
GOOGL,284.78
GOOGL,284.36
GOOGL,284.03
GOOGL,283.92
GOOGL,291.57
GOOGL,292.49
GOOGL,292.3
GOOGL,289.8
GOOGL,297.32
GOOGL,305.11
GOOGL,307.9
GOOGL,313.01
GOOGL,311.31
GOOGL,319.01
GOOGL,310.37
GOOGL,308.31
GOOGL,317.06
GOOGL,320.13
GOOGL,322.68
GOOGL,325.7
GOOGL,338.22
GOOGL,338.25
GOOGL,334.59
GOOGL,337.64
GOOGL,339.95
GOOGL,347.73
GOOGL,353.85
GOOGL,351.96
GOOGL,355.98
GOOGL,363.19
GOOGL,371.27
GOOGL,366.84
GOOGL,347.27
GOOGL,332.32
GOOGL,316.35
GOOGL,330.61
GOOGL,321.16
GOOGL,315.14
GOOGL,317.13
GOOGL,313.24
GOOGL,324.59
GOOGL,330.59
GOOGL,338.69
GOOGL,333.3
GOOGL,337.12
GOOGL,346.48
GOOGL,348.85
GOOGL,346.85
GOOGL,341.11
GOOGL,342.42
GOOGL,349.6
GOOGL,357.99
GOOGL,357.79
GOOGL,359.57
GOOGL,349.95
GOOGL,350.02
GOOGL,347.37
GOOGL,345.32
GOOGL,334.95
GOOGL,337.01
GOOGL,339.02
GOOGL,345.19
GOOGL,348.69
GOOGL,350.72
GOOGL,355.78
GOOGL,350.72
GOOGL,351.62
GOOGL,346.09
GOOGL,342.94
GOOGL,343.01
GOOGL,328.83
GOOGL,324.95
GOOGL,316.16
GOOGL,326.93
GOOGL,323.69
GOOGL,319.44
GOOGL,327.24
GOOGL,319.14
GOOGL,308.28
GOOGL,300.7
GOOGL,300.43
GOOGL,292.47
GOOGL,274.58
GOOGL,287.53
GOOGL,283.48
GOOGL,278.27
GOOGL,275.54
GOOGL,274.41
GOOGL,282.43
GOOGL,258.21
GOOGL,247.96
GOOGL,253.65
GOOGL,251.11
GOOGL,252.73
GOOGL,258.6
GOOGL,260.84
GOOGL,259.3
GOOGL,267.58
GOOGL,266.39
GOOGL,265.08
GOOGL,254.73
GOOGL,254.75
GOOGL,251.68
GOOGL,254.15
GOOGL,243.46
GOOGL,232.33
GOOGL,236.67
GOOGL,237.93
GOOGL,235.83
GOOGL,228.74
GOOGL,222.52
GOOGL,224.07
GOOGL,216.57
GOOGL,216.89
GOOGL,207.02
GOOGL,220.14
GOOGL,220.31
GOOGL,221.73
GOOGL,219.18
GOOGL,210.14
GOOGL,219.8
GOOGL,216.22
GOOGL,216.99
GOOGL,230.51
GOOGL,225.62
GOOGL,229.32
GOOGL,222.26
GOOGL,219.26
GOOGL,220.46
GOOGL,233.09
GOOGL,233.08
GOOGL,227.79
GOOGL,235.78
GOOGL,238.65
GOOGL,234.14
GOOGL,232.33
GOOGL,234.78
GOOGL,228.95
GOOGL,226.06
GOOGL,223.64
GOOGL,227.74
GOOGL,224.99
GOOGL,269.97
GOOGL,269.16
GOOGL,277.78
GOOGL,273.52
GOOGL,271.79
GOOGL,272.3
GOOGL,276.34
GOOGL,279.51
GOOGL,287.43
GOOGL,296.84
GOOGL,290.94
GOOGL,297.75
GOOGL,293.47
GOOGL,289.79
GOOGL,291.8
GOOGL,286.9
GOOGL,292.76
GOOGL,291.79
GOOGL,288.44
GOOGL,290.79
GOOGL,290.33
GOOGL,289.05
GOOGL,289.59
GOOGL,275.27
GOOGL,275.0
GOOGL,272.58
GOOGL,280.73
GOOGL,284.4
GOOGL,291.79
GOOGL,293.19
GOOGL,287.79
GOOGL,283.93
GOOGL,286.4
GOOGL,293.44
GOOGL,283.78
GOOGL,279.21
GOOGL,277.36
GOOGL,272.87
GOOGL,276.75
GOOGL,286.04
GOOGL,286.69
GOOGL,285.01
GOOGL,281.47
GOOGL,280.38
GOOGL,273.49
GOOGL,272.88
GOOGL,271.42
GOOGL,275.78
GOOGL,264.67
GOOGL,264.3
GOOGL,263.47
GOOGL,267.63
GOOGL,263.78
GOOGL,268.77
GOOGL,272.23
GOOGL,277.54
GOOGL,271.05
GOOGL,270.56
GOOGL,267.17
GOOGL,261.07
GOOGL,258.3
GOOGL,268.07
GOOGL,266.99
GOOGL,240.9
GOOGL,234.63
GOOGL,238.79
GOOGL,244.85
GOOGL,238.05
GOOGL,246.24
GOOGL,238.8
GOOGL,241.8
GOOGL,241.59
GOOGL,237.11
GOOGL,234.16
GOOGL,231.73
GOOGL,240.16
GOOGL,243.41
GOOGL,239.8
GOOGL,247.75
GOOGL,250.67
GOOGL,251.56
GOOGL,250.27
GOOGL,253.0
GOOGL,255.33
GOOGL,249.4
GOOGL,245.5
GOOGL,242.74
GOOGL,243.51
GOOGL,245.54
GOOGL,241.75
GOOGL,237.32
GOOGL,234.52
GOOGL,237.13
GOOGL,231.88
GOOGL,232.86
GOOGL,232.44
GOOGL,225.36
GOOGL,222.35
GOOGL,210.18
GOOGL,209.54
GOOGL,207.29
GOOGL,217.09
GOOGL,219.05
GOOGL,217.15
GOOGL,221.69
GOOGL,207.45
GOOGL,219.76
GOOGL,224.8
GOOGL,215.29
GOOGL,214.85
GOOGL,217.77
GOOGL,220.02
GOOGL,215.74
GOOGL,190.69
GOOGL,200.46
GOOGL,206.07
GOOGL,195.44
GOOGL,193.65
GOOGL,185.79
GOOGL,173.18
GOOGL,169.22
GOOGL,164.65
GOOGL,166.17
GOOGL,190.7
GOOGL,181.54
GOOGL,169.75
GOOGL,176.69
GOOGL,186.46
GOOGL,189.85
GOOGL,181.56
GOOGL,178.01
GOOGL,176.34
GOOGL,169.81
GOOGL,164.91
GOOGL,184.56
GOOGL,179.18
GOOGL,180.02
GOOGL,179.86
GOOGL,173.42
GOOGL,183.65
GOOGL,171.29
GOOGL,165.78
GOOGL,165.74
GOOGL,159.55
GOOGL,155.89
GOOGL,145.65
GOOGL,156.2
GOOGL,155.17
GOOGL,150.21
GOOGL,148.86
GOOGL,140.23
GOOGL,129.91
GOOGL,131.35
GOOGL,128.85
GOOGL,141.17
GOOGL,146.19
GOOGL,146.63
GOOGL,133.13
GOOGL,137.69
GOOGL,139.85
GOOGL,137.31
GOOGL,142.14
GOOGL,151.21
GOOGL,153.14
GOOGL,154.56
GOOGL,150.26
GOOGL,158.04
GOOGL,155.49
GOOGL,162.8
GOOGL,157.78
GOOGL,155.3
GOOGL,155.24
GOOGL,148.7
GOOGL,149.16
GOOGL,151.63
GOOGL,150.33
GOOGL,148.86
GOOGL,151.71
GOOGL,153.98
GOOGL,160.82
GOOGL,164.19
GOOGL,167.2
GOOGL,161.17
GOOGL,162.76
GOOGL,157.69
GOOGL,156.5
GOOGL,157.32
GOOGL,150.64
GOOGL,149.64
GOOGL,149.98
GOOGL,141.52
GOOGL,151.69
GOOGL,153.4
GOOGL,162.51
GOOGL,162.1
GOOGL,165.91
GOOGL,174.51
GOOGL,171.83
GOOGL,169.43
GOOGL,170.46
GOOGL,170.4
GOOGL,171.67
GOOGL,177.04
GOOGL,185.83
GOOGL,189.57
GOOGL,179.43
GOOGL,179.2
GOOGL,181.71
GOOGL,179.02
GOOGL,171.5
GOOGL,176.73
GOOGL,171.49
GOOGL,173.4
GOOGL,165.2
GOOGL,172.9
GOOGL,170.99
GOOGL,168.76
GOOGL,169.16
GOOGL,163.74
GOOGL,162.9
GOOGL,159.62
GOOGL,152.97
GOOGL,154.44
GOOGL,145.59
GOOGL,154.24
GOOGL,159.11
GOOGL,161.93
GOOGL,162.37
GOOGL,160.0
GOOGL,167.84
GOOGL,166.72
GOOGL,165.13
GOOGL,165.25
GOOGL,174.48
GOOGL,173.76
GOOGL,172.21
GOOGL,176.82
GOOGL,174.02
GOOGL,171.52
GOOGL,174.2
GOOGL,177.22
GOOGL,181.43
GOOGL,185.07
GOOGL,184.3
GOOGL,179.5
GOOGL,181.18
GOOGL,186.44
GOOGL,189.24
GOOGL,184.64
GOOGL,189.94
GOOGL,194.56
GOOGL,196.32
GOOGL,189.84
GOOGL,190.93
GOOGL,192.12
GOOGL,192.54
GOOGL,194.94
GOOGL,193.17
GOOGL,192.05
GOOGL,195.93
GOOGL,198.18
GOOGL,197.04
GOOGL,201.19
GOOGL,201.7
GOOGL,201.94
GOOGL,198.5
GOOGL,203.87
GOOGL,204.19
GOOGL,199.7
GOOGL,194.96
GOOGL,193.94
GOOGL,195.2
GOOGL,198.62
GOOGL,199.64
GOOGL,198.79
GOOGL,198.45
GOOGL,196.95
GOOGL,202.38
GOOGL,202.98
GOOGL,205.41
GOOGL,208.82
GOOGL,213.49
GOOGL,214.41
GOOGL,216.04
GOOGL,220.36
GOOGL,222.38
GOOGL,219.6
GOOGL,218.03
GOOGL,216.52
GOOGL,214.71
GOOGL,212.63
GOOGL,208.59
GOOGL,208.21
GOOGL,207.79
GOOGL,207.24
GOOGL,210.26
GOOGL,203.88
GOOGL,203.04
GOOGL,204.85
GOOGL,208.09
GOOGL,212.87
GOOGL,212.28
GOOGL,211.01
GOOGL,209.7
GOOGL,204.45
GOOGL,205.01
GOOGL,198.51
GOOGL,201.45
GOOGL,205.4
GOOGL,207.41
GOOGL,212.36
GOOGL,212.56
GOOGL,219.3
GOOGL,221.52
GOOGL,215.34
GOOGL,215.3
GOOGL,214.16
GOOGL,214.06
GOOGL,218.89
GOOGL,223.58
GOOGL,222.62
GOOGL,220.14
GOOGL,218.34
GOOGL,223.04
GOOGL,221.75
GOOGL,226.33
GOOGL,227.09
GOOGL,225.8
GOOGL,225.41
GOOGL,228.78
GOOGL,228.53
GOOGL,227.2
GOOGL,229.52
GOOGL,231.37
GOOGL,230.23
GOOGL,222.67
GOOGL,222.86
GOOGL,222.21
GOOGL,230.44
GOOGL,232.85
GOOGL,234.6
GOOGL,235.92
GOOGL,234.23
GOOGL,233.26
GOOGL,232.61
GOOGL,231.07
GOOGL,228.11
GOOGL,226.73
GOOGL,228.99
GOOGL,230.88
GOOGL,229.54
GOOGL,232.22
GOOGL,235.71
GOOGL,236.31
GOOGL,237.8
GOOGL,239.01
GOOGL,244.39
GOOGL,246.11
GOOGL,245.98
GOOGL,248.75
GOOGL,249.78
GOOGL,249.48
GOOGL,248.63
GOOGL,246.49
GOOGL,249.51
GOOGL,249.51
GOOGL,248.17
GOOGL,243.84
GOOGL,242.53
GOOGL,244.5
GOOGL,249.62
GOOGL,259.03
GOOGL,257.35
GOOGL,258.38
GOOGL,262.28
GOOGL,263.32
GOOGL,267.93
GOOGL,265.22
GOOGL,275.2
GOOGL,276.32
GOOGL,276.14
GOOGL,275.83
GOOGL,277.32
GOOGL,277.12
GOOGL,277.38
GOOGL,274.42
GOOGL,270.42
GOOGL,275.8
GOOGL,268.33
GOOGL,267.26
GOOGL,268.91
GOOGL,270.44
GOOGL,274.6
GOOGL,275.83
GOOGL,281.54
GOOGL,283.66
GOOGL,285.57
GOOGL,284.21
GOOGL,286.31
GOOGL,288.43
GOOGL,289.03
GOOGL,288.61
GOOGL,286.78
GOOGL,285.27
GOOGL,291.47
GOOGL,291.84
GOOGL,293.16
GOOGL,290.17
GOOGL,291.79
GOOGL,295.23
GOOGL,294.05
GOOGL,293.16
GOOGL,292.8
GOOGL,293.42
GOOGL,293.82
GOOGL,294.8
GOOGL,296.05
GOOGL,295.55
GOOGL,298.16
GOOGL,296.87
GOOGL,299.18
GOOGL,297.27
GOOGL,298.51
GOOGL,299.64
GOOGL,300.86
GOOGL,306.15
GOOGL,309.55
GOOGL,311.75
GOOGL,310.01
GOOGL,311.68
GOOGL,310.3
GOOGL,313.69
GOOGL,312.31
GOOGL,304.43
GOOGL,297.35
GOOGL,301.31
GOOGL,300.86
GOOGL,295.54
GOOGL,293.84
GOOGL,295.22
GOOGL,290.29
GOOGL,294.1
GOOGL,290.5
GOOGL,291.78
GOOGL,275.28
GOOGL,270.27
GOOGL,271.48
GOOGL,271.32
GOOGL,267.41
GOOGL,265.24
GOOGL,266.78
GOOGL,265.83
GOOGL,270.68
GOOGL,263.65
GOOGL,265.91
GOOGL,267.0
GOOGL,268.49
GOOGL,267.49
GOOGL,268.47
GOOGL,266.83
GOOGL,270.92
GOOGL,269.37
GOOGL,271.88
GOOGL,270.65
GOOGL,271.67
GOOGL,267.8
GOOGL,266.0
GOOGL,263.48
GOOGL,263.66
GOOGL,266.61
GOOGL,270.8
GOOGL,272.93
GOOGL,277.57
GOOGL,282.39
GOOGL,281.52
GOOGL,280.38
GOOGL,288.51
GOOGL,290.86
GOOGL,290.06
GOOGL,281.87
GOOGL,282.88
GOOGL,283.06
GOOGL,283.48
GOOGL,280.28
GOOGL,279.03
GOOGL,274.77
GOOGL,278.94
GOOGL,281.72
GOOGL,281.63
GOOGL,281.51
GOOGL,283.64
GOOGL,283.84
GOOGL,285.79
GOOGL,284.39
GOOGL,282.05
GOOGL,284.03
GOOGL,283.39
GOOGL,286.65
GOOGL,293.68
GOOGL,294.79
GOOGL,297.95
GOOGL,275.35
GOOGL,275.33
GOOGL,277.8
GOOGL,277.43
GOOGL,273.8
GOOGL,272.77
GOOGL,266.09
GOOGL,264.8
GOOGL,264.86
GOOGL,266.27
GOOGL,263.11
GOOGL,265.57
GOOGL,253.44
GOOGL,255.13
GOOGL,249.58
GOOGL,246.82
GOOGL,261.09
GOOGL,254.78
GOOGL,252.95
GOOGL,255.7
GOOGL,254.02
GOOGL,254.24
GOOGL,249.43
GOOGL,247.46
GOOGL,237.74
GOOGL,236.26
GOOGL,238.82
GOOGL,238.77
GOOGL,237.97
GOOGL,245.48
GOOGL,243.06
GOOGL,241.43
GOOGL,246.93
GOOGL,253.05
GOOGL,249.61
GOOGL,243.0
GOOGL,242.63
GOOGL,237.25
GOOGL,243.75
GOOGL,244.49
GOOGL,241.84
GOOGL,249.24
GOOGL,250.89
GOOGL,250.29
GOOGL,250.27
GOOGL,244.52
GOOGL,243.37
GOOGL,241.27
GOOGL,237.79
GOOGL,236.58
GOOGL,236.28
GOOGL,227.36
GOOGL,222.7
GOOGL,219.96
GOOGL,218.49
GOOGL,218.25
GOOGL,225.33
GOOGL,228.51
GOOGL,233.98
GOOGL,238.15
GOOGL,244.84
GOOGL,245.91
GOOGL,247.26
GOOGL,230.03
GOOGL,233.32
GOOGL,241.04
GOOGL,238.99
GOOGL,242.65
GOOGL,245.28
GOOGL,244.73
GOOGL,246.56
GOOGL,242.42
GOOGL,242.74
GOOGL,242.67
GOOGL,245.45
GOOGL,245.16
GOOGL,253.41
GOOGL,254.3
GOOGL,250.36
GOOGL,252.93
GOOGL,252.11
GOOGL,246.12
GOOGL,246.25
GOOGL,243.42
GOOGL,243.04
GOOGL,245.51
GOOGL,241.32
GOOGL,234.22
GOOGL,231.24
GOOGL,232.27
GOOGL,225.92
GOOGL,227.54
GOOGL,225.72
GOOGL,229.64
GOOGL,226.57
GOOGL,225.24
GOOGL,230.4
GOOGL,231.82
GOOGL,235.39
GOOGL,232.43
GOOGL,235.53
GOOGL,238.33
GOOGL,238.31
GOOGL,241.38
GOOGL,240.46
GOOGL,240.56
GOOGL,240.77
GOOGL,245.32
GOOGL,254.39
GOOGL,256.99
GOOGL,258.26
GOOGL,257.0
GOOGL,263.91
GOOGL,265.47
GOOGL,263.85
GOOGL,264.11
GOOGL,263.16
GOOGL,263.07
GOOGL,261.44
GOOGL,269.38
GOOGL,267.44
GOOGL,265.27
GOOGL,268.44
GOOGL,269.69
GOOGL,270.97
GOOGL,271.92
GOOGL,270.74
GOOGL,301.03
GOOGL,309.16
GOOGL,304.22
GOOGL,304.29
GOOGL,306.3
GOOGL,306.57
GOOGL,308.56
GOOGL,309.61
GOOGL,308.54
GOOGL,309.6
GOOGL,307.16
GOOGL,307.81
GOOGL,308.11
GOOGL,310.4
GOOGL,312.45
GOOGL,312.85
GOOGL,313.7
GOOGL,312.72
GOOGL,311.75
GOOGL,308.9
GOOGL,301.95
GOOGL,298.03
GOOGL,292.15
GOOGL,292.07
GOOGL,298.58
GOOGL,295.71
GOOGL,295.91
GOOGL,291.8
GOOGL,297.78
GOOGL,295.29
GOOGL,291.35
GOOGL,278.13
GOOGL,282.46
GOOGL,286.2
GOOGL,286.79
GOOGL,289.47
GOOGL,293.86
GOOGL,295.57
GOOGL,296.05
GOOGL,296.4
GOOGL,297.61
GOOGL,297.75
GOOGL,295.45
GOOGL,296.15
GOOGL,295.7
GOOGL,297.83
GOOGL,301.84
GOOGL,303.05
GOOGL,302.42
GOOGL,301.49
GOOGL,299.76
GOOGL,300.8
GOOGL,299.73
GOOGL,297.28
GOOGL,302.48
GOOGL,301.36
GOOGL,304.84
GOOGL,307.06
GOOGL,308.53
GOOGL,307.41
GOOGL,308.31
GOOGL,308.74
GOOGL,308.65
GOOGL,312.4
GOOGL,320.13
GOOGL,316.19
GOOGL,313.7
GOOGL,306.22
GOOGL,305.85
GOOGL,310.26
GOOGL,308.56
GOOGL,308.7
GOOGL,300.8
GOOGL,300.48
GOOGL,305.83
GOOGL,306.31
GOOGL,305.38
GOOGL,305.8
GOOGL,307.46
GOOGL,309.5
GOOGL,308.56
GOOGL,308.53
GOOGL,312.56
GOOGL,314.39
GOOGL,312.39
GOOGL,312.42
GOOGL,312.94
GOOGL,315.36
GOOGL,305.41
GOOGL,305.97
GOOGL,304.71
GOOGL,305.33
GOOGL,307.01
GOOGL,300.68
GOOGL,300.7
GOOGL,305.08
GOOGL,300.61
GOOGL,296.13
GOOGL,296.45
GOOGL,296.18
GOOGL,290.44
GOOGL,288.64
GOOGL,285.28
GOOGL,285.06
GOOGL,278.83
GOOGL,280.96
GOOGL,280.81
GOOGL,288.54
GOOGL,288.95
GOOGL,291.37
GOOGL,293.74
GOOGL,290.16
GOOGL,287.97
GOOGL,291.16
GOOGL,291.21
GOOGL,293.67
GOOGL,296.2
GOOGL,294.13
GOOGL,284.83
GOOGL,287.38
GOOGL,290.29
GOOGL,289.37
GOOGL,288.97
GOOGL,285.59
GOOGL,288.43
GOOGL,289.54
GOOGL,265.62
GOOGL,263.68
GOOGL,261.03
GOOGL,263.13
GOOGL,262.81
GOOGL,262.79
GOOGL,266.68
GOOGL,269.15
GOOGL,269.25
GOOGL,272.32
GOOGL,269.55
GOOGL,267.21
GOOGL,268.16
GOOGL,267.4
GOOGL,267.92
GOOGL,269.11
GOOGL,271.6
GOOGL,267.99
GOOGL,267.79
GOOGL,265.04
GOOGL,259.47
GOOGL,265.5
GOOGL,265.17
GOOGL,265.89
GOOGL,262.28
GOOGL,259.45
GOOGL,259.39
GOOGL,260.09
GOOGL,259.32
GOOGL,260.71
GOOGL,264.77
GOOGL,263.06
GOOGL,264.29
GOOGL,261.8
GOOGL,260.79
GOOGL,259.77
GOOGL,259.84
GOOGL,258.62
GOOGL,255.01
GOOGL,252.62
GOOGL,254.44
GOOGL,251.73
GOOGL,250.44
GOOGL,242.75
GOOGL,242.53
GOOGL,246.75
GOOGL,243.75
GOOGL,240.35
GOOGL,237.68
GOOGL,241.6
GOOGL,247.07
GOOGL,249.03
GOOGL,253.44
GOOGL,260.78
GOOGL,266.49
GOOGL,267.95
GOOGL,273.57
GOOGL,266.26
GOOGL,263.9
GOOGL,267.27
GOOGL,269.4
GOOGL,264.73
GOOGL,299.11
GOOGL,297.77
GOOGL,301.58
GOOGL,297.97
GOOGL,303.8
GOOGL,309.42
GOOGL,309.8
GOOGL,311.57
GOOGL,303.91
GOOGL,305.78
GOOGL,302.15
GOOGL,303.69
GOOGL,297.37
GOOGL,300.89
GOOGL,289.05
GOOGL,289.81
GOOGL,273.28
GOOGL,286.99
GOOGL,274.78
GOOGL,281.35
GOOGL,282.17
GOOGL,278.89
GOOGL,269.77
GOOGL,266.84
GOOGL,252.69
GOOGL,245.71
GOOGL,249.33
GOOGL,259.67
GOOGL,261.91
GOOGL,260.28
GOOGL,263.69
GOOGL,269.81
GOOGL,270.62
GOOGL,270.75
GOOGL,266.52
GOOGL,262.68
GOOGL,261.35
GOOGL,267.28
GOOGL,267.75
GOOGL,262.69
GOOGL,265.33
GOOGL,265.02
GOOGL,266.3
GOOGL,271.55
GOOGL,273.61
GOOGL,273.61
GOOGL,273.59
GOOGL,269.87
GOOGL,260.59
GOOGL,263.02
GOOGL,266.21
GOOGL,269.94
GOOGL,264.68
GOOGL,264.01
GOOGL,257.78
GOOGL,248.01
GOOGL,251.2
GOOGL,252.6
GOOGL,257.61
GOOGL,257.82
GOOGL,268.85
GOOGL,271.86
GOOGL,274.52
GOOGL,279.77
GOOGL,296.14
GOOGL,291.5
GOOGL,295.55
GOOGL,290.64
GOOGL,292.13
GOOGL,295.54
GOOGL,298.51
GOOGL,291.87
GOOGL,293.45
GOOGL,299.63
GOOGL,300.37
GOOGL,296.62
GOOGL,289.61
GOOGL,292.7
GOOGL,299.05
GOOGL,298.37
GOOGL,304.47
GOOGL,306.48
GOOGL,300.78
GOOGL,297.84
GOOGL,304.48
GOOGL,306.81
GOOGL,308.59
GOOGL,306.04
GOOGL,300.74
GOOGL,297.74
GOOGL,290.76
GOOGL,290.29
GOOGL,285.34
GOOGL,281.78
GOOGL,294.39
GOOGL,291.76
GOOGL,299.99
GOOGL,307.19
GOOGL,310.49
GOOGL,313.14
GOOGL,312.2
GOOGL,312.01
GOOGL,308.33
GOOGL,314.02
GOOGL,313.01
GOOGL,313.13
GOOGL,309.34
GOOGL,310.08
GOOGL,313.29
GOOGL,311.23
GOOGL,315.5
GOOGL,313.22
GOOGL,315.16
GOOGL,316.89
GOOGL,320.45
GOOGL,320.17
GOOGL,321.52
GOOGL,323.27
GOOGL,333.04
GOOGL,334.47
GOOGL,329.83
GOOGL,325.34
GOOGL,311.54
GOOGL,311.88
GOOGL,313.29
GOOGL,315.13
GOOGL,312.81
GOOGL,314.6
GOOGL,316.77
GOOGL,320.1
GOOGL,293.29
GOOGL,293.05
GOOGL,290.76
GOOGL,285.03
GOOGL,284.33
GOOGL,290.28
GOOGL,289.13
GOOGL,290.35
GOOGL,290.71
GOOGL,292.85
GOOGL,298.46
GOOGL,304.85
GOOGL,303.69
GOOGL,305.23
GOOGL,306.04
GOOGL,303.26
GOOGL,306.41
GOOGL,305.18
GOOGL,303.08
GOOGL,303.56
GOOGL,302.62
GOOGL,307.31
GOOGL,304.27
GOOGL,303.36
GOOGL,305.25
GOOGL,304.96
GOOGL,309.5
GOOGL,309.43
GOOGL,311.51
GOOGL,310.94
GOOGL,307.43
GOOGL,302.78
GOOGL,303.7
GOOGL,303.87
GOOGL,300.43
GOOGL,302.88
GOOGL,309.2
GOOGL,308.3
GOOGL,310.88
GOOGL,312.83
GOOGL,317.31
GOOGL,317.06
GOOGL,320.31
GOOGL,323.35
GOOGL,321.62
GOOGL,324.99
GOOGL,323.83
GOOGL,328.21
GOOGL,324.53
GOOGL,320.94
GOOGL,323.78
GOOGL,321.63
GOOGL,317.89
GOOGL,316.48
GOOGL,315.74
GOOGL,313.74
GOOGL,318.3
GOOGL,325.83
GOOGL,312.61
GOOGL,303.34
GOOGL,305.09
GOOGL,304.03
GOOGL,299.95
GOOGL,298.33
GOOGL,299.1
GOOGL,300.94
GOOGL,305.16
GOOGL,308.04
GOOGL,307.8
GOOGL,302.73
GOOGL,302.52
GOOGL,303.93
GOOGL,305.82
GOOGL,298.78
GOOGL,304.08
GOOGL,306.7
GOOGL,304.88
GOOGL,307.14
GOOGL,302.92
GOOGL,302.3
GOOGL,305.86
GOOGL,314.78
GOOGL,311.84
GOOGL,300.5
GOOGL,307.36
GOOGL,300.7
GOOGL,305.03
GOOGL,302.13
GOOGL,296.06
GOOGL,297.47
GOOGL,294.41
GOOGL,290.72
GOOGL,285.78
GOOGL,289.58
GOOGL,285.49
GOOGL,290.58
GOOGL,289.4
GOOGL,290.52
GOOGL,284.53
GOOGL,282.83
GOOGL,280.83
GOOGL,279.8
GOOGL,282.54
GOOGL,285.71
GOOGL,291.06
GOOGL,289.04
GOOGL,282.89
GOOGL,286.03
GOOGL,280.63
GOOGL,282.62
GOOGL,284.94
GOOGL,282.44
GOOGL,290.33
GOOGL,290.53
GOOGL,294.21
GOOGL,298.26
GOOGL,293.28
GOOGL,293.3
GOOGL,291.14
GOOGL,285.88
GOOGL,285.53
GOOGL,288.55
GOOGL,287.75
GOOGL,288.65
GOOGL,290.67
GOOGL,296.83
GOOGL,305.72
GOOGL,308.06
GOOGL,304.09
GOOGL,304.3
GOOGL,306.99
GOOGL,317.8
GOOGL,316.47
GOOGL,316.8
GOOGL,316.66
GOOGL,314.69
GOOGL,320.99
GOOGL,321.73
GOOGL,320.59
GOOGL,321.44
GOOGL,321.5
GOOGL,321.32
GOOGL,330.34
GOOGL,334.66
GOOGL,334.1
GOOGL,336.77
GOOGL,338.91
GOOGL,338.11
GOOGL,335.09
GOOGL,338.93
GOOGL,338.74
GOOGL,339.65
GOOGL,334.94
GOOGL,338.96
GOOGL,344.35
GOOGL,341.18
GOOGL,342.89
GOOGL,340.86
GOOGL,340.7
GOOGL,350.05
GOOGL,353.43
GOOGL,350.74
GOOGL,346.44
GOOGL,345.78
GOOGL,353.37
GOOGL,355.19
GOOGL,355.34
GOOGL,359.5
GOOGL,364.11
GOOGL,364.42
GOOGL,367.36
GOOGL,375.06
GOOGL,374.95
GOOGL,377.11
GOOGL,378.63
GOOGL,377.63
GOOGL,381.27
GOOGL,378.87
GOOGL,381.63
GOOGL,384.41
GOOGL,384.21
GOOGL,379.3
GOOGL,372.42
GOOGL,372.65
GOOGL,376.12
GOOGL,372.75
GOOGL,370.86
GOOGL,372.72
GOOGL,378.12
GOOGL,347.85
GOOGL,341.24
GOOGL,339.67
GOOGL,340.52
GOOGL,338.99
GOOGL,339.22
GOOGL,337.91
GOOGL,340.49
GOOGL,344.14
GOOGL,344.3
GOOGL,341.82
GOOGL,341.2
GOOGL,333.89
GOOGL,326.47
GOOGL,331.85
GOOGL,333.28
GOOGL,329.86
GOOGL,326.6
GOOGL,323.95
GOOGL,323.91
GOOGL,334.44
GOOGL,335.32
GOOGL,333.27
GOOGL,334.32
GOOGL,330.91
GOOGL,335.69
GOOGL,342.18
GOOGL,346.29
GOOGL,349.53
GOOGL,347.97
GOOGL,345.86
GOOGL,344.25
GOOGL,345.91
GOOGL,342.45
GOOGL,343.05
GOOGL,348.79
GOOGL,349.13
GOOGL,351.7
GOOGL,351.33
GOOGL,360.75
GOOGL,360.9
GOOGL,360.42
GOOGL,361.54
GOOGL,358.17
GOOGL,355.1
GOOGL,354.79
GOOGL,353.5
GOOGL,350.36
GOOGL,354.04
GOOGL,361.99
GOOGL,362.2
GOOGL,369.35
GOOGL,367.74
GOOGL,367.02
GOOGL,369.43
GOOGL,371.11
GOOGL,370.36
GOOGL,361.99
GOOGL,362.83
GOOGL,357.95
GOOGL,356.02
GOOGL,352.61
GOOGL,351.79
GOOGL,371.12
GOOGL,377.29
GOOGL,377.21
GOOGL,375.74
GOOGL,377.22
GOOGL,377.29
GOOGL,378.22
GOOGL,388.2
GOOGL,379.89
GOOGL,383.25
GOOGL,385.47
GOOGL,387.36
GOOGL,393.08
GOOGL,391.6
GOOGL,390.74
GOOGL,391.82
GOOGL,394.3
GOOGL,396.84
GOOGL,403.83
GOOGL,396.63
GOOGL,398.16
GOOGL,400.25
GOOGL,395.78
GOOGL,395.46
GOOGL,400.29
GOOGL,401.0
GOOGL,403.5
GOOGL,411.16
GOOGL,419.72
GOOGL,416.11
GOOGL,416.71
GOOGL,416.18
GOOGL,417.83
GOOGL,414.22
GOOGL,413.07
GOOGL,411.18
GOOGL,407.56
GOOGL,404.3
GOOGL,406.07
GOOGL,407.76
GOOGL,406.04
GOOGL,405.56
GOOGL,405.22
GOOGL,406.62
GOOGL,401.73
GOOGL,397.49
GOOGL,401.0
GOOGL,406.93
GOOGL,403.5
GOOGL,397.93
GOOGL,391.92
GOOGL,387.81
GOOGL,389.21
GOOGL,395.49
GOOGL,395.59
GOOGL,395.42
GOOGL,391.36
GOOGL,397.08
GOOGL,391.67
GOOGL,383.34
GOOGL,400.33
GOOGL,400.46
GOOGL,404.35
GOOGL,407.13
GOOGL,404.95
GOOGL,401.11
GOOGL,409.94
GOOGL,412.7
GOOGL,410.63
GOOGL,415.22
GOOGL,423.28
GOOGL,431.21
GOOGL,429.04
GOOGL,437.25
GOOGL,436.18
GOOGL,440.56
GOOGL,439.2
GOOGL,443.99
GOOGL,458.4
GOOGL,452.39
GOOGL,455.04
GOOGL,454.72
GOOGL,453.94
GOOGL,445.15
GOOGL,441.84
GOOGL,437.1
GOOGL,441.08
GOOGL,434.59
GOOGL,435.82
GOOGL,436.04
GOOGL,434.25
GOOGL,429.98
GOOGL,430.28
GOOGL,432.75
GOOGL,440.3
GOOGL,445.56
GOOGL,440.34
GOOGL,436.43
GOOGL,438.94
GOOGL,437.96
GOOGL,443.57
GOOGL,450.76
GOOGL,450.79
GOOGL,442.81
GOOGL,440.91
GOOGL,435.33
GOOGL,433.53
GOOGL,437.26
GOOGL,438.97
GOOGL,440.62
GOOGL,444.38
GOOGL,441.6
GOOGL,443.66
GOOGL,447.19
GOOGL,453.0
GOOGL,453.07
GOOGL,453.45
GOOGL,460.58
GOOGL,461.96
GOOGL,462.81
GOOGL,460.26
GOOGL,459.73
GOOGL,455.8
GOOGL,448.75
GOOGL,455.81
GOOGL,452.35
GOOGL,451.9
GOOGL,444.29
GOOGL,443.12
GOOGL,441.58
GOOGL,445.91
GOOGL,444.32
GOOGL,452.56
GOOGL,453.74
GOOGL,452.95
GOOGL,448.73
GOOGL,445.77
GOOGL,446.78
GOOGL,445.65
GOOGL,443.2
GOOGL,441.07
GOOGL,435.34
GOOGL,430.26
GOOGL,428.88
GOOGL,433.26
GOOGL,433.14
GOOGL,435.1
GOOGL,437.29
GOOGL,435.54
GOOGL,433.63
GOOGL,425.5
GOOGL,424.7
GOOGL,428.14
GOOGL,423.87
GOOGL,430.62
GOOGL,436.25
GOOGL,440.22
GOOGL,440.23
GOOGL,444.47
GOOGL,444.78
GOOGL,448.54
GOOGL,446.98
GOOGL,444.98
GOOGL,444.32
GOOGL,443.5
GOOGL,452.11
GOOGL,449.64
GOOGL,452.01
GOOGL,443.69
GOOGL,443.86
GOOGL,439.05
GOOGL,439.52
GOOGL,438.63
GOOGL,438.39
GOOGL,443.95
GOOGL,444.44
GOOGL,438.48
GOOGL,436.61
GOOGL,433.3
GOOGL,427.26
GOOGL,428.36
GOOGL,434.55
GOOGL,436.43
GOOGL,438.49
GOOGL,441.45
GOOGL,449.46
GOOGL,444.84
GOOGL,506.21
GOOGL,502.15
GOOGL,504.0
GOOGL,516.22
GOOGL,513.29
GOOGL,508.11
GOOGL,508.01
GOOGL,518.64
GOOGL,515.73
GOOGL,515.81
GOOGL,514.03
GOOGL,513.57
GOOGL,511.27
GOOGL,511.89
GOOGL,504.48
GOOGL,508.52
GOOGL,505.8
GOOGL,506.4
GOOGL,516.75
GOOGL,518.13
GOOGL,517.3
GOOGL,516.29
GOOGL,513.12
GOOGL,511.67
GOOGL,517.55
GOOGL,516.46
GOOGL,523.49
GOOGL,529.73
GOOGL,532.09
GOOGL,530.32
GOOGL,527.77
GOOGL,527.16
GOOGL,529.62
GOOGL,529.2
GOOGL,535.47
GOOGL,539.61
GOOGL,542.87
GOOGL,539.18
GOOGL,535.51
GOOGL,530.92
GOOGL,537.03
GOOGL,535.46
GOOGL,542.92
GOOGL,543.65
GOOGL,550.86
GOOGL,558.11
GOOGL,556.48
GOOGL,559.29
GOOGL,559.76
GOOGL,555.28
GOOGL,560.92
GOOGL,557.12
GOOGL,553.05
GOOGL,559.22
GOOGL,570.0
GOOGL,571.19
GOOGL,565.69
GOOGL,565.66
GOOGL,562.05
GOOGL,575.27
GOOGL,574.88
GOOGL,578.69
GOOGL,575.84
GOOGL,582.43
GOOGL,583.09
GOOGL,580.63
GOOGL,562.48
GOOGL,551.17
GOOGL,562.07
GOOGL,554.01
GOOGL,568.26
GOOGL,591.08
GOOGL,567.28
GOOGL,569.65
GOOGL,572.17
GOOGL,580.56
GOOGL,589.31
GOOGL,587.05
GOOGL,595.69
GOOGL,593.94
GOOGL,600.55
GOOGL,602.0
GOOGL,606.05
GOOGL,601.77
GOOGL,602.66
GOOGL,602.5
GOOGL,606.86
GOOGL,610.61
GOOGL,610.7
GOOGL,610.22
GOOGL,608.43
GOOGL,601.95
GOOGL,608.06
GOOGL,609.74
GOOGL,610.42
GOOGL,608.0
GOOGL,606.39
GOOGL,600.6
GOOGL,604.25
GOOGL,595.12
GOOGL,586.99
GOOGL,596.65
GOOGL,606.24
GOOGL,600.22
GOOGL,599.18
GOOGL,592.11
GOOGL,579.54
GOOGL,579.94
GOOGL,566.55
GOOGL,557.7
GOOGL,560.64
GOOGL,557.81
GOOGL,568.01
GOOGL,568.12
GOOGL,571.5
GOOGL,545.25
GOOGL,540.63
GOOGL,557.51
GOOGL,567.04
GOOGL,546.69
GOOGL,537.76
GOOGL,545.2
GOOGL,548.7
GOOGL,563.9
GOOGL,543.34
GOOGL,539.37
GOOGL,545.5
GOOGL,537.51
GOOGL,534.44
GOOGL,523.1
GOOGL,522.98
GOOGL,536.33
GOOGL,534.88
GOOGL,538.53
GOOGL,533.87
GOOGL,535.33
GOOGL,522.57
GOOGL,518.0
GOOGL,520.17
GOOGL,526.62
GOOGL,538.43
GOOGL,541.54
GOOGL,534.41
GOOGL,529.12
GOOGL,528.3
GOOGL,538.83
GOOGL,540.39
GOOGL,549.7
GOOGL,555.45
GOOGL,563.8
GOOGL,574.87
GOOGL,570.45
GOOGL,570.56
GOOGL,571.65
GOOGL,564.34
GOOGL,554.51
GOOGL,553.76
GOOGL,564.93
GOOGL,566.03
GOOGL,570.73
GOOGL,568.3
GOOGL,567.5
GOOGL,559.5
GOOGL,560.35
GOOGL,552.3
GOOGL,550.62
GOOGL,560.66
GOOGL,564.99
GOOGL,566.52
GOOGL,574.29
GOOGL,572.54
GOOGL,585.93
GOOGL,584.77
GOOGL,585.69
GOOGL,584.67
GOOGL,591.49
GOOGL,590.78
GOOGL,593.08
GOOGL,590.76
GOOGL,578.4
GOOGL,583.36
GOOGL,580.04
GOOGL,586.65
GOOGL,594.26
GOOGL,593.06
GOOGL,590.62
GOOGL,580.82
GOOGL,605.11
GOOGL,598.44
GOOGL,603.57
GOOGL,605.19
GOOGL,603.01
GOOGL,598.08
GOOGL,599.02
GOOGL,593.95
GOOGL,595.44
GOOGL,579.55
GOOGL,573.6
GOOGL,582.27
GOOGL,573.14
GOOGL,574.49
GOOGL,571.81
GOOGL,577.94
GOOGL,577.25
GOOGL,572.12
GOOGL,584.56
GOOGL,584.65
GOOGL,583.71
GOOGL,592.7
GOOGL,597.11
GOOGL,595.41
GOOGL,592.42
GOOGL,592.54
GOOGL,590.57
GOOGL,588.12
GOOGL,583.0
GOOGL,580.32
GOOGL,582.36
GOOGL,588.63
GOOGL,589.52
GOOGL,593.14
GOOGL,597.78
GOOGL,601.63
GOOGL,591.97
GOOGL,593.42
GOOGL,591.11
GOOGL,584.9
GOOGL,581.64
GOOGL,588.78
GOOGL,593.29
GOOGL,597.27
GOOGL,605.4
GOOGL,597.27
GOOGL,591.18
GOOGL,598.42
GOOGL,585.25
GOOGL,587.9
GOOGL,587.81
GOOGL,588.41
GOOGL,579.63
GOOGL,580.88
GOOGL,586.25
GOOGL,587.78
GOOGL,574.1
GOOGL,583.74
GOOGL,570.81
GOOGL,555.19
GOOGL,544.75
GOOGL,548.69
GOOGL,540.73
GOOGL,536.92
GOOGL,522.97
GOOGL,532.38
GOOGL,538.03
GOOGL,542.69
GOOGL,553.65
GOOGL,548.9
GOOGL,549.88
GOOGL,558.94
GOOGL,558.45
GOOGL,560.27
GOOGL,567.87
GOOGL,563.77
GOOGL,564.19
GOOGL,555.95
GOOGL,551.69
GOOGL,551.82
GOOGL,558.23
GOOGL,561.29
GOOGL,558.25
GOOGL,556.44
GOOGL,555.19
GOOGL,546.64
GOOGL,544.51
GOOGL,547.2
GOOGL,543.76
GOOGL,545.89
GOOGL,547.48
GOOGL,549.23
GOOGL,547.73
GOOGL,549.08
GOOGL,539.65
GOOGL,538.59
GOOGL,536.97
GOOGL,542.58
GOOGL,528.08
GOOGL,530.73
GOOGL,536.11
GOOGL,528.04
GOOGL,532.11
GOOGL,521.51
GOOGL,515.84
GOOGL,498.16
GOOGL,506.45
GOOGL,514.62
GOOGL,520.04
GOOGL,532.3
GOOGL,538.77
GOOGL,536.93
GOOGL,541.52
GOOGL,537.31
GOOGL,535.28
GOOGL,530.66
GOOGL,529.55
GOOGL,519.46
GOOGL,506.64
GOOGL,505.15
GOOGL,506.91
GOOGL,500.72
GOOGL,497.06
GOOGL,501.8
GOOGL,505.93
GOOGL,504.01
GOOGL,510.46
GOOGL,509.94
GOOGL,520.39
GOOGL,537.3
GOOGL,541.95
GOOGL,536.72
GOOGL,521.19
GOOGL,512.43
GOOGL,513.23
GOOGL,537.55
GOOGL,532.2
GOOGL,533.3
GOOGL,526.1
GOOGL,529.83
GOOGL,533.88
GOOGL,529.28
GOOGL,540.16
GOOGL,538.0
GOOGL,546.01
GOOGL,551.16
GOOGL,545.01
GOOGL,542.65
GOOGL,546.45
GOOGL,541.8
GOOGL,535.0
GOOGL,538.65
GOOGL,547.33
GOOGL,559.29
GOOGL,562.63
GOOGL,575.02
GOOGL,578.8
GOOGL,578.33
GOOGL,581.44
GOOGL,572.9
GOOGL,574.1
GOOGL,559.85
GOOGL,555.69
GOOGL,561.17
GOOGL,553.0
GOOGL,561.64
GOOGL,557.61
GOOGL,566.16
GOOGL,563.67
GOOGL,564.95
GOOGL,565.37
GOOGL,577.54
GOOGL,567.0
GOOGL,563.64
GOOGL,557.55
GOOGL,561.14
GOOGL,554.7
GOOGL,549.49
GOOGL,541.31
GOOGL,543.95
GOOGL,544.86
GOOGL,548.84
GOOGL,548.02
GOOGL,548.54
GOOGL,548.64
GOOGL,539.78
GOOGL,541.04
GOOGL,543.52
GOOGL,532.74
GOOGL,544.53
GOOGL,542.92
GOOGL,549.18
GOOGL,557.46
GOOGL,573.66
GOOGL,566.12
GOOGL,564.37
GOOGL,561.39
GOOGL,548.77
GOOGL,551.16
GOOGL,552.84
GOOGL,543.04
GOOGL,535.08
GOOGL,542.04
GOOGL,548.95
GOOGL,545.78
GOOGL,538.73
GOOGL,539.49
GOOGL,549.2
GOOGL,546.49
GOOGL,546.67
GOOGL,549.28
GOOGL,552.51
GOOGL,556.81
GOOGL,554.52
GOOGL,547.19
GOOGL,554.25
GOOGL,554.18
GOOGL,545.32
GOOGL,549.21
GOOGL,553.95
GOOGL,555.29
GOOGL,551.69
GOOGL,549.53
GOOGL,543.48
GOOGL,542.16
GOOGL,552.6
GOOGL,550.04
GOOGL,547.47
GOOGL,543.0
GOOGL,544.87
GOOGL,546.6
GOOGL,556.18
GOOGL,557.52
GOOGL,559.68
GOOGL,563.39
GOOGL,558.57
GOOGL,557.95
GOOGL,553.06
GOOGL,541.25
GOOGL,540.04
GOOGL,543.3
GOOGL,547.34
GOOGL,545.62
GOOGL,550.03
GOOGL,541.7
GOOGL,544.65
GOOGL,556.11
GOOGL,571.73
GOOGL,584.18
GOOGL,583.96
GOOGL,601.78
GOOGL,699.62
GOOGL,692.84
GOOGL,695.35
GOOGL,695.1
GOOGL,674.73
GOOGL,654.77
GOOGL,658.27
GOOGL,659.66
GOOGL,661.43
GOOGL,664.56
GOOGL,657.5
GOOGL,664.72
GOOGL,661.28
GOOGL,673.29
GOOGL,670.15
GOOGL,664.39
GOOGL,663.14
GOOGL,690.3
GOOGL,691.47
GOOGL,686.51
GOOGL,689.37
GOOGL,694.11
GOOGL,688.73
GOOGL,694.04
GOOGL,679.48
GOOGL,644.03
GOOGL,618.11
GOOGL,612.47
GOOGL,659.74
GOOGL,667.96
GOOGL,659.69
GOOGL,647.82
GOOGL,629.56
GOOGL,644.91
GOOGL,637.05
GOOGL,628.96
GOOGL,643.88
GOOGL,643.41
GOOGL,651.08
GOOGL,655.3
GOOGL,652.47
GOOGL,665.07
GOOGL,665.52
GOOGL,671.67
GOOGL,660.92
GOOGL,666.98
GOOGL,653.2
GOOGL,653.29
GOOGL,654.91
GOOGL,640.15
GOOGL,624.25
GOOGL,622.61
GOOGL,638.37
GOOGL,642.0
GOOGL,656.99
GOOGL,671.68
GOOGL,671.64
GOOGL,670.0
GOOGL,667.0
GOOGL,671.24
GOOGL,676.43
GOOGL,683.17
GOOGL,680.41
GOOGL,693.02
GOOGL,695.32
GOOGL,699.95
GOOGL,680.0
GOOGL,671.8
GOOGL,681.14
GOOGL,719.33
GOOGL,731.12
GOOGL,732.82
GOOGL,736.92
GOOGL,744.85
GOOGL,737.39
GOOGL,747.74
GOOGL,748.82
GOOGL,755.31
GOOGL,760.67
GOOGL,761.6
GOOGL,754.77
GOOGL,758.26
GOOGL,765.25
GOOGL,756.53
GOOGL,740.07
GOOGL,750.42
GOOGL,745.98
GOOGL,760.01
GOOGL,759.94
GOOGL,777.0
GOOGL,776.7
GOOGL,769.63
GOOGL,769.26
GOOGL,771.97
GOOGL,762.85
GOOGL,783.79
GOOGL,777.85
GOOGL,768.2
GOOGL,779.21
GOOGL,772.99
GOOGL,775.14
GOOGL,762.55
GOOGL,760.04
GOOGL,750.42
GOOGL,762.54
GOOGL,760.09
GOOGL,776.59
GOOGL,769.83
GOOGL,756.85
GOOGL,760.8
GOOGL,767.13
GOOGL,768.51
GOOGL,765.84
GOOGL,782.24
GOOGL,793.96
GOOGL,790.3
GOOGL,778.01
GOOGL,759.44
GOOGL,761.53
GOOGL,759.33
GOOGL,741.0
GOOGL,730.91
GOOGL,733.07
GOOGL,745.34
GOOGL,719.57
GOOGL,731.39
GOOGL,710.49
GOOGL,719.08
GOOGL,718.56
GOOGL,726.67
GOOGL,745.46
GOOGL,733.62
GOOGL,733.79
GOOGL,717.58
GOOGL,748.3
GOOGL,761.35
GOOGL,770.77
GOOGL,780.91
GOOGL,749.38
GOOGL,730.03
GOOGL,703.76
GOOGL,704.16
GOOGL,701.02
GOOGL,706.85
GOOGL,706.36
GOOGL,706.89
GOOGL,717.64
GOOGL,731.97
GOOGL,717.51
GOOGL,722.11
GOOGL,729.05
GOOGL,717.29
GOOGL,720.9
GOOGL,729.12
GOOGL,724.86
GOOGL,717.22
GOOGL,742.17
GOOGL,739.48
GOOGL,731.59
GOOGL,730.22
GOOGL,712.8
GOOGL,713.53
GOOGL,725.41
GOOGL,732.17
GOOGL,744.87
GOOGL,750.24
GOOGL,750.57
GOOGL,757.36
GOOGL,758.48
GOOGL,755.41
GOOGL,762.16
GOOGL,760.05
GOOGL,757.56
GOOGL,754.84
GOOGL,753.28
GOOGL,765.89
GOOGL,768.34
GOOGL,762.9
GOOGL,769.67
GOOGL,765.12
GOOGL,758.57
GOOGL,768.07
GOOGL,760.12
GOOGL,759.47
GOOGL,757.54
GOOGL,764.32
GOOGL,771.91
GOOGL,775.39
GOOGL,780.0
GOOGL,787.68
GOOGL,776.25
GOOGL,774.92
GOOGL,780.0
GOOGL,737.77
GOOGL,742.21
GOOGL,725.37
GOOGL,721.46
GOOGL,705.06
GOOGL,707.88
GOOGL,714.41
GOOGL,708.44
GOOGL,711.37
GOOGL,714.71
GOOGL,725.18
GOOGL,729.13
GOOGL,739.38
GOOGL,730.55
GOOGL,728.07
GOOGL,724.83
GOOGL,730.3
GOOGL,720.19
GOOGL,721.78
GOOGL,715.31
GOOGL,721.71
GOOGL,717.25
GOOGL,733.03
GOOGL,738.1
GOOGL,736.93
GOOGL,747.6
GOOGL,748.85
GOOGL,748.46
GOOGL,744.27
GOOGL,735.86
GOOGL,730.06
GOOGL,731.09
GOOGL,742.93
GOOGL,742.52
GOOGL,733.19
GOOGL,731.88
GOOGL,733.25
GOOGL,732.19
GOOGL,724.25
GOOGL,704.25
GOOGL,706.13
GOOGL,708.88
GOOGL,710.47
GOOGL,714.87
GOOGL,685.2
GOOGL,681.14
GOOGL,691.26
GOOGL,695.19
GOOGL,703.53
GOOGL,710.25
GOOGL,704.89
GOOGL,708.97
GOOGL,707.26
GOOGL,717.78
GOOGL,727.2
GOOGL,732.51
GOOGL,729.48
GOOGL,735.8
GOOGL,735.63
GOOGL,753.2
GOOGL,753.41
GOOGL,757.08
GOOGL,754.41
GOOGL,759.28
GOOGL,757.52
GOOGL,757.65
GOOGL,761.97
GOOGL,765.84
GOOGL,791.34
GOOGL,800.94
GOOGL,800.12
GOOGL,798.92
GOOGL,797.25
GOOGL,806.93
GOOGL,805.23
GOOGL,807.48
GOOGL,808.49
GOOGL,808.2
GOOGL,807.05
GOOGL,805.96
GOOGL,801.19
GOOGL,805.42
GOOGL,802.75
GOOGL,799.65
GOOGL,796.95
GOOGL,796.59
GOOGL,793.6
GOOGL,791.3
GOOGL,793.22
GOOGL,795.82
GOOGL,791.92
GOOGL,789.85
GOOGL,791.4
GOOGL,796.87
GOOGL,808.02
GOOGL,807.99
GOOGL,802.84
GOOGL,788.48
GOOGL,798.82
GOOGL,788.72
GOOGL,790.46
GOOGL,801.23
GOOGL,797.97
GOOGL,795.39
GOOGL,799.78
GOOGL,805.03
GOOGL,815.95
GOOGL,814.96
GOOGL,802.65
GOOGL,810.73
GOOGL,810.06
GOOGL,802.64
GOOGL,804.06
GOOGL,800.38
GOOGL,802.79
GOOGL,801.23
GOOGL,803.08
GOOGL,800.71
GOOGL,814.17
GOOGL,809.57
GOOGL,811.77
GOOGL,804.08
GOOGL,804.6
GOOGL,806.84
GOOGL,821.49
GOOGL,827.09
GOOGL,821.63
GOOGL,824.06
GOOGL,835.74
GOOGL,828.55
GOOGL,822.1
GOOGL,817.35
GOOGL,819.56
GOOGL,809.9
GOOGL,805.48
GOOGL,788.42
GOOGL,782.19
GOOGL,781.1
GOOGL,802.03
GOOGL,811.98
GOOGL,805.59
GOOGL,780.29
GOOGL,771.75
GOOGL,753.22
GOOGL,775.16
GOOGL,779.98
GOOGL,786.16
GOOGL,775.97
GOOGL,784.8
GOOGL,785.0
GOOGL,779.0
GOOGL,780.23
GOOGL,785.79
GOOGL,789.44
GOOGL,775.88
GOOGL,764.33
GOOGL,764.46
GOOGL,778.22
GOOGL,776.18
GOOGL,791.47
GOOGL,795.17
GOOGL,809.45
GOOGL,807.9
GOOGL,815.34
GOOGL,817.89
GOOGL,815.65
GOOGL,809.84
GOOGL,812.5
GOOGL,815.2
GOOGL,812.2
GOOGL,809.68
GOOGL,807.8
GOOGL,809.93
GOOGL,804.57
GOOGL,802.88
GOOGL,792.45
GOOGL,808.01
GOOGL,807.77
GOOGL,813.02
GOOGL,825.21
GOOGL,827.18
GOOGL,826.01
GOOGL,829.86
GOOGL,829.53
GOOGL,830.94
GOOGL,827.46
GOOGL,829.02
GOOGL,824.37
GOOGL,828.17
GOOGL,844.43
GOOGL,849.53
GOOGL,858.45
GOOGL,856.98
GOOGL,845.03
GOOGL,823.83
GOOGL,820.19
GOOGL,815.24
GOOGL,818.26
GOOGL,820.13
GOOGL,821.62
GOOGL,829.23
GOOGL,829.88
GOOGL,830.06
GOOGL,834.85
GOOGL,838.96
GOOGL,840.03
GOOGL,837.32
GOOGL,842.17
GOOGL,846.55
GOOGL,849.27
GOOGL,851.36
GOOGL,851.0
GOOGL,847.81
GOOGL,849.67
GOOGL,844.93
GOOGL,856.75
GOOGL,849.85
GOOGL,849.08
GOOGL,847.27
GOOGL,851.15
GOOGL,853.64
GOOGL,857.84
GOOGL,861.4
GOOGL,864.58
GOOGL,865.91
GOOGL,868.39
GOOGL,870.0
GOOGL,872.37
GOOGL,867.91
GOOGL,850.14
GOOGL,849.8
GOOGL,839.65
GOOGL,835.14
GOOGL,838.51
GOOGL,840.63
GOOGL,849.87
GOOGL,849.48
GOOGL,847.8
GOOGL,856.75
GOOGL,852.57
GOOGL,848.91
GOOGL,845.1
GOOGL,842.1
GOOGL,841.7
GOOGL,839.88
GOOGL,841.46
GOOGL,840.18
GOOGL,855.13
GOOGL,853.99
GOOGL,856.51
GOOGL,860.08
GOOGL,858.95
GOOGL,878.93
GOOGL,888.84
GOOGL,889.14
GOOGL,891.44
GOOGL,924.52
GOOGL,932.82
GOOGL,937.09
GOOGL,948.45
GOOGL,954.72
GOOGL,950.28
GOOGL,958.69
GOOGL,956.71
GOOGL,954.84
GOOGL,955.89
GOOGL,955.14
GOOGL,959.22
GOOGL,964.61
GOOGL,942.17
GOOGL,950.5
GOOGL,954.65
GOOGL,964.07
GOOGL,970.55
GOOGL,977.61
GOOGL,991.86
GOOGL,993.27
GOOGL,996.17
GOOGL,987.09
GOOGL,988.29
GOOGL,996.12
GOOGL,1003.88
GOOGL,996.68
GOOGL,1001.59
GOOGL,1004.28
GOOGL,970.12
GOOGL,961.81
GOOGL,970.5
GOOGL,967.93
GOOGL,960.18
GOOGL,958.62
GOOGL,975.22
GOOGL,968.99
GOOGL,978.59
GOOGL,976.62
GOOGL,986.09
GOOGL,972.09
GOOGL,948.09
GOOGL,961.01
GOOGL,937.82
GOOGL,929.68
GOOGL,919.46
GOOGL,932.26
GOOGL,927.69
GOOGL,940.81
GOOGL,951.0
GOOGL,953.53
GOOGL,967.66
GOOGL,968.85
GOOGL,976.91
GOOGL,975.96
GOOGL,986.95
GOOGL,992.77
GOOGL,992.19
GOOGL,993.84
GOOGL,998.31
GOOGL,969.03
GOOGL,965.31
GOOGL,952.51
GOOGL,958.33
GOOGL,945.5
GOOGL,946.56
GOOGL,947.64
GOOGL,940.3
GOOGL,945.79
GOOGL,945.75
GOOGL,944.19
GOOGL,940.08
GOOGL,923.59
GOOGL,930.09
GOOGL,938.93
GOOGL,938.08
GOOGL,944.27
GOOGL,927.66
GOOGL,926.18
GOOGL,920.87
GOOGL,940.4
GOOGL,942.58
GOOGL,936.89
GOOGL,930.5
GOOGL,928.13
GOOGL,935.75
GOOGL,943.63
GOOGL,955.24
GOOGL,951.99
GOOGL,941.48
GOOGL,942.02
GOOGL,949.89
GOOGL,941.41
GOOGL,943.29
GOOGL,946.65
GOOGL,950.44
GOOGL,940.13
GOOGL,935.29
GOOGL,929.75
GOOGL,936.86
GOOGL,947.54
GOOGL,947.55
GOOGL,943.26
GOOGL,934.28
GOOGL,937.43
GOOGL,959.9
GOOGL,964.81
GOOGL,973.72
GOOGL,967.47
GOOGL,972.08
GOOGL,966.78
GOOGL,985.19
GOOGL,993.64
GOOGL,992.31
GOOGL,987.8
GOOGL,1005.65
GOOGL,1005.65
GOOGL,1007.87
GOOGL,1009.35
GOOGL,1011.0
GOOGL,1012.74
GOOGL,1001.84
GOOGL,1005.07
GOOGL,985.54
GOOGL,988.49
GOOGL,991.46
GOOGL,991.42
GOOGL,1033.67
GOOGL,1033.13
GOOGL,1033.04
GOOGL,1042.6
GOOGL,1042.97
GOOGL,1049.99
GOOGL,1042.68
GOOGL,1052.39
GOOGL,1058.29
GOOGL,1047.72
GOOGL,1044.15
GOOGL,1041.2
GOOGL,1041.64
GOOGL,1036.41
GOOGL,1048.47
GOOGL,1035.89
GOOGL,1034.66
GOOGL,1050.3
GOOGL,1051.92
GOOGL,1056.52
GOOGL,1072.01
GOOGL,1063.29
GOOGL,1037.38
GOOGL,1036.17
GOOGL,1025.07
GOOGL,1011.87
GOOGL,1019.6
GOOGL,1032.72
GOOGL,1044.57
GOOGL,1049.38
GOOGL,1051.97
GOOGL,1048.77
GOOGL,1051.39
GOOGL,1057.47
GOOGL,1072.0
GOOGL,1085.09
GOOGL,1079.78
GOOGL,1073.56
GOOGL,1070.85
GOOGL,1068.86
GOOGL,1065.85
GOOGL,1060.2
GOOGL,1055.95
GOOGL,1053.4
AMZN,47.58
AMZN,47.25
AMZN,47.65
AMZN,47.87
AMZN,47.08
AMZN,45.65
AMZN,44.93
AMZN,44.36
AMZN,44.4
AMZN,44.0
AMZN,44.32
AMZN,44.45
AMZN,43.92
AMZN,43.73
AMZN,44.02
AMZN,43.6
AMZN,44.68
AMZN,45.22
AMZN,44.96
AMZN,44.82
AMZN,43.98
AMZN,42.74
AMZN,38.33
AMZN,37.95
AMZN,37.52
AMZN,38.17
AMZN,37.99
AMZN,38.52
AMZN,37.86
AMZN,38.25
AMZN,39.26
AMZN,39.15
AMZN,39.19
AMZN,38.29
AMZN,38.72
AMZN,37.9
AMZN,38.35
AMZN,38.01
AMZN,37.44
AMZN,37.12
AMZN,36.88
AMZN,37.21
AMZN,36.86
AMZN,36.93
AMZN,36.81
AMZN,36.12
AMZN,36.22
AMZN,36.19
AMZN,36.91
AMZN,36.89
AMZN,36.77
AMZN,35.99
AMZN,36.23
AMZN,35.92
AMZN,36.0
AMZN,35.68
AMZN,35.47
AMZN,35.25
AMZN,35.69
AMZN,36.32
AMZN,36.67
AMZN,36.53
AMZN,36.14
AMZN,36.77
AMZN,37.34
AMZN,38.51
AMZN,37.09
AMZN,36.61
AMZN,36.06
AMZN,36.13
AMZN,36.62
AMZN,35.27
AMZN,36.28
AMZN,36.89
AMZN,36.34
AMZN,36.03
AMZN,35.79
AMZN,35.55
AMZN,35.79
AMZN,35.74
AMZN,35.21
AMZN,34.59
AMZN,34.38
AMZN,33.96
AMZN,34.47
AMZN,35.04
AMZN,34.69
AMZN,34.84
AMZN,34.16
AMZN,33.53
AMZN,32.73
AMZN,32.78
AMZN,32.76
AMZN,31.61
AMZN,32.61
AMZN,33.94
AMZN,34.83
AMZN,33.76
AMZN,35.19
AMZN,35.63
AMZN,36.07
AMZN,34.64
AMZN,34.61
AMZN,35.07
AMZN,34.76
AMZN,33.49
AMZN,33.41
AMZN,33.77
AMZN,33.55
AMZN,33.78
AMZN,33.6
AMZN,33.47
AMZN,33.68
AMZN,34.96
AMZN,35.09
AMZN,35.07
AMZN,35.48
AMZN,36.65
AMZN,36.37
AMZN,36.55
AMZN,36.77
AMZN,36.48
AMZN,36.7
AMZN,38.52
AMZN,38.68
AMZN,38.61
AMZN,37.11
AMZN,36.8
AMZN,36.11
AMZN,35.79
AMZN,35.66
AMZN,34.63
AMZN,33.73
AMZN,32.92
AMZN,33.67
AMZN,33.49
AMZN,34.48
AMZN,34.18
AMZN,33.19
AMZN,34.31
AMZN,33.59
AMZN,26.26
AMZN,26.56
AMZN,27.17
AMZN,26.89
AMZN,26.32
AMZN,26.09
AMZN,26.69
AMZN,27.29
AMZN,26.78
AMZN,26.36
AMZN,26.21
AMZN,26.49
AMZN,26.07
AMZN,26.53
AMZN,27.77
AMZN,27.95
AMZN,29.09
AMZN,29.12
AMZN,28.13
AMZN,28.37
AMZN,28.14
AMZN,27.97
AMZN,28.03
AMZN,28.91
AMZN,29.52
AMZN,30.67
AMZN,30.83
AMZN,31.76
AMZN,32.23
AMZN,30.8
AMZN,29.73
AMZN,30.51
AMZN,30.79
AMZN,31.72
AMZN,31.67
AMZN,31.65
AMZN,32.52
AMZN,32.08
AMZN,31.58
AMZN,32.12
AMZN,30.22
AMZN,30.84
AMZN,31.79
AMZN,32.5
AMZN,32.33
AMZN,31.84
AMZN,32.12
AMZN,30.87
AMZN,31.7
AMZN,32.76
AMZN,33.32
AMZN,32.59
AMZN,33.38
AMZN,32.62
AMZN,32.91
AMZN,33.55
AMZN,33.32
AMZN,32.6
AMZN,32.47
AMZN,32.31
AMZN,32.54
AMZN,32.57
AMZN,32.88
AMZN,33.63
AMZN,37.68
AMZN,38.3
AMZN,38.24
AMZN,38.15
AMZN,38.09
AMZN,37.56
AMZN,37.45
AMZN,37.46
AMZN,38.21
AMZN,38.77
AMZN,39.47
AMZN,38.84
AMZN,39.26
AMZN,39.99
AMZN,41.51
AMZN,42.6
AMZN,42.84
AMZN,42.55
AMZN,42.44
AMZN,42.54
AMZN,42.96
AMZN,42.41
AMZN,40.85
AMZN,40.92
AMZN,40.63
AMZN,40.34
AMZN,39.41
AMZN,39.1
AMZN,38.98
AMZN,38.9
AMZN,38.12
AMZN,38.46
AMZN,38.69
AMZN,38.46
AMZN,38.5
AMZN,39.02
AMZN,40.01
AMZN,39.26
AMZN,39.42
AMZN,40.01
AMZN,39.89
AMZN,40.24
AMZN,39.8
AMZN,40.29
AMZN,40.21
AMZN,39.46
AMZN,38.7
AMZN,38.9
AMZN,38.37
AMZN,37.5
AMZN,37.78
AMZN,37.15
AMZN,37.4
AMZN,38.2
AMZN,38.66
AMZN,37.88
AMZN,36.98
AMZN,37.02
AMZN,36.95
AMZN,36.43
AMZN,37.26
AMZN,37.08
AMZN,36.85
AMZN,37.43
AMZN,37.05
AMZN,37.67
AMZN,38.7
AMZN,37.39
AMZN,37.16
AMZN,38.27
AMZN,38.98
AMZN,39.1
AMZN,38.72
AMZN,38.85
AMZN,39.31
AMZN,40.14
AMZN,40.06
AMZN,40.33
AMZN,41.51
AMZN,41.26
AMZN,41.0
AMZN,40.78
AMZN,40.88
AMZN,38.83
AMZN,39.14
AMZN,38.85
AMZN,37.69
AMZN,37.05
AMZN,38.58
AMZN,38.36
AMZN,38.1
AMZN,38.84
AMZN,38.81
AMZN,37.82
AMZN,38.08
AMZN,37.78
AMZN,37.85
AMZN,38.45
AMZN,38.58
AMZN,39.8
AMZN,39.49
AMZN,38.98
AMZN,39.01
AMZN,39.37
AMZN,39.34
AMZN,39.81
AMZN,39.79
AMZN,40.42
AMZN,41.19
AMZN,41.53
AMZN,41.68
AMZN,41.66
AMZN,41.86
AMZN,41.68
AMZN,42.27
AMZN,42.41
AMZN,45.2
AMZN,45.07
AMZN,44.99
AMZN,44.64
AMZN,44.95
AMZN,44.77
AMZN,44.75
AMZN,56.81
AMZN,62.78
AMZN,62.6
AMZN,61.33
AMZN,62.04
AMZN,61.18
AMZN,62.19
AMZN,63.23
AMZN,60.82
AMZN,61.83
AMZN,62.85
AMZN,60.92
AMZN,61.56
AMZN,61.7
AMZN,60.58
AMZN,63.22
AMZN,62.17
AMZN,63.3
AMZN,68.3
AMZN,68.88
AMZN,69.0
AMZN,69.35
AMZN,68.55
AMZN,69.63
AMZN,69.86
AMZN,69.14
AMZN,68.58
AMZN,70.42
AMZN,73.65
AMZN,72.29
AMZN,72.04
AMZN,73.24
AMZN,71.17
AMZN,70.07
AMZN,70.89
AMZN,71.94
AMZN,72.4
AMZN,71.83
AMZN,69.81
AMZN,69.1
AMZN,69.67
AMZN,68.86
AMZN,68.66
AMZN,67.48
AMZN,68.14
AMZN,68.89
AMZN,68.41
AMZN,69.61
AMZN,69.45
AMZN,68.73
AMZN,68.97
AMZN,72.07
AMZN,70.28
AMZN,70.73
AMZN,72.79
AMZN,75.1
AMZN,73.69
AMZN,73.79
AMZN,73.32
AMZN,73.35
AMZN,71.63
AMZN,71.74
AMZN,69.25
AMZN,86.18
AMZN,84.01
AMZN,84.04
AMZN,82.7
AMZN,78.54
AMZN,77.31
AMZN,79.71
AMZN,76.8
AMZN,79.0
AMZN,79.14
AMZN,77.78
AMZN,74.11
AMZN,74.78
AMZN,74.87
AMZN,73.45
AMZN,72.38
AMZN,72.79
AMZN,75.02
AMZN,74.7
AMZN,77.49
AMZN,78.5
AMZN,77.3
AMZN,79.25
AMZN,78.65
AMZN,76.22
AMZN,79.05
AMZN,78.68
AMZN,79.91
AMZN,82.7
AMZN,83.75
AMZN,86.21
AMZN,84.52
AMZN,83.34
AMZN,86.28
AMZN,87.3
AMZN,87.26
AMZN,87.77
AMZN,86.91
AMZN,88.75
AMZN,89.0
AMZN,89.65
AMZN,91.3
AMZN,92.59
AMZN,93.48
AMZN,93.43
AMZN,93.38
AMZN,93.15
AMZN,93.41
AMZN,92.36
AMZN,92.46
AMZN,92.26
AMZN,93.43
AMZN,95.85
AMZN,95.32
AMZN,94.66
AMZN,89.34
AMZN,92.37
AMZN,90.53
AMZN,89.53
AMZN,90.55
AMZN,89.85
AMZN,89.76
AMZN,91.29
AMZN,100.82
AMZN,88.73
AMZN,88.21
AMZN,90.0
AMZN,90.1
AMZN,88.24
AMZN,89.15
AMZN,87.65
AMZN,85.98
AMZN,84.37
AMZN,87.27
AMZN,87.04
AMZN,83.58
AMZN,78.89
AMZN,77.0
AMZN,79.86
AMZN,78.51
AMZN,77.85
AMZN,78.6
AMZN,79.18
AMZN,80.39
AMZN,79.76
AMZN,81.43
AMZN,81.3
AMZN,85.59
AMZN,90.3
AMZN,89.15
AMZN,90.56
AMZN,90.91
AMZN,94.41
AMZN,93.19
AMZN,94.21
AMZN,94.31
AMZN,93.02
AMZN,90.75
AMZN,91.28
AMZN,92.4
AMZN,89.08
AMZN,85.09
AMZN,86.89
AMZN,89.38
AMZN,90.58
AMZN,91.26
AMZN,91.01
AMZN,92.85
AMZN,94.25
AMZN,94.45
AMZN,92.64
AMZN,96.25
AMZN,95.21
AMZN,88.79
AMZN,88.82
AMZN,87.88
AMZN,85.22
AMZN,84.26
AMZN,81.08
AMZN,82.87
AMZN,80.24
AMZN,80.35
AMZN,80.12
AMZN,79.76
AMZN,78.48
AMZN,73.97
AMZN,77.67
AMZN,77.6
AMZN,75.82
AMZN,73.95
AMZN,74.21
AMZN,77.7
AMZN,74.63
AMZN,73.95
AMZN,72.09
AMZN,68.49
AMZN,70.91
AMZN,73.5
AMZN,75.19
AMZN,74.45
AMZN,77.73
AMZN,75.8
AMZN,72.96
AMZN,72.08
AMZN,73.64
AMZN,69.9
AMZN,72.08
AMZN,73.27
AMZN,71.69
AMZN,70.87
AMZN,67.85
AMZN,64.47
AMZN,62.43
AMZN,65.34
AMZN,64.99
AMZN,62.74
AMZN,64.09
AMZN,63.47
AMZN,67.15
AMZN,66.51
AMZN,68.32
AMZN,68.22
AMZN,66.53
AMZN,71.7
AMZN,70.17
AMZN,73.19
AMZN,75.95
AMZN,75.17
AMZN,73.8
AMZN,70.8
AMZN,69.76
AMZN,71.3
AMZN,76.7
AMZN,77.37
AMZN,74.94
AMZN,76.87
AMZN,76.9
AMZN,77.3
AMZN,74.39
AMZN,74.83
AMZN,71.99
AMZN,72.61
AMZN,72.5
AMZN,74.59
AMZN,74.04
AMZN,80.1
AMZN,80.18
AMZN,79.6
AMZN,81.0
AMZN,77.69
AMZN,80.86
AMZN,81.97
AMZN,80.74
AMZN,78.63
AMZN,79.36
AMZN,77.31
AMZN,75.92
AMZN,75.71
AMZN,73.18
AMZN,72.79
AMZN,72.41
AMZN,74.53
AMZN,74.56
AMZN,74.2
AMZN,76.12
AMZN,76.46
AMZN,82.29
AMZN,80.72
AMZN,78.3
AMZN,79.26
AMZN,78.35
AMZN,80.62
AMZN,80.08
AMZN,80.35
AMZN,81.62
AMZN,80.23
AMZN,80.11
AMZN,81.5
AMZN,84.51
AMZN,80.63
AMZN,79.43
AMZN,79.62
AMZN,77.28
AMZN,76.15
AMZN,79.17
AMZN,81.7
AMZN,82.97
AMZN,82.52
AMZN,84.26
AMZN,81.1
AMZN,80.68
AMZN,79.64
AMZN,80.51
AMZN,76.3
AMZN,74.66
AMZN,73.33
AMZN,73.62
AMZN,71.44
AMZN,72.0
AMZN,72.49
AMZN,75.04
AMZN,70.61
AMZN,70.63
AMZN,68.54
AMZN,66.28
AMZN,67.03
AMZN,71.84
AMZN,72.11
AMZN,69.12
AMZN,68.48
AMZN,67.97
AMZN,70.54
AMZN,78.72
AMZN,78.31
AMZN,75.98
AMZN,78.21
AMZN,78.21
AMZN,76.34
AMZN,75.75
AMZN,75.71
AMZN,79.11
AMZN,78.09
AMZN,76.95
AMZN,80.51
AMZN,88.09
AMZN,87.25
AMZN,86.69
AMZN,88.03
AMZN,86.4
AMZN,83.11
AMZN,81.29
AMZN,82.13
AMZN,83.26
AMZN,85.26
AMZN,82.85
AMZN,81.76
AMZN,81.73
AMZN,83.42
AMZN,80.81
AMZN,81.41
AMZN,80.77
AMZN,78.03
AMZN,79.19
AMZN,81.16
AMZN,79.04
AMZN,76.74
AMZN,79.51
AMZN,78.3
AMZN,77.34
AMZN,78.73
AMZN,71.54
AMZN,76.5
AMZN,81.0
AMZN,74.93
AMZN,71.76
AMZN,69.96
AMZN,72.08
AMZN,70.7
AMZN,63.35
AMZN,72.76
AMZN,69.58
AMZN,67.36
AMZN,67.0
AMZN,65.23
AMZN,58.52
AMZN,61.02
AMZN,56.0
AMZN,56.25
AMZN,62.02
AMZN,55.86
AMZN,48.72
AMZN,50.29
AMZN,50.65
AMZN,52.97
AMZN,50.23
AMZN,49.99
AMZN,50.32
AMZN,48.96
AMZN,49.58
AMZN,56.04
AMZN,56.89
AMZN,56.71
AMZN,57.24
AMZN,55.77
AMZN,58.45
AMZN,51.98
AMZN,47.22
AMZN,49.21
AMZN,48.46
AMZN,46.3
AMZN,41.56
AMZN,44.93
AMZN,41.75
AMZN,39.69
AMZN,38.44
AMZN,35.84
AMZN,35.03
AMZN,37.87
AMZN,42.5
AMZN,42.19
AMZN,43.96
AMZN,42.7
AMZN,40.47
AMZN,41.19
AMZN,45.21
AMZN,47.32
AMZN,48.26
AMZN,51.41
AMZN,51.25
AMZN,49.7
AMZN,48.25
AMZN,51.25
AMZN,48.85
AMZN,52.63
AMZN,53.18
AMZN,52.08
AMZN,51.56
AMZN,49.84
AMZN,51.08
AMZN,51.44
AMZN,51.78
AMZN,49.4
AMZN,50.76
AMZN,51.28
AMZN,54.36
AMZN,54.06
AMZN,57.36
AMZN,56.2
AMZN,57.16
AMZN,55.51
AMZN,51.92
AMZN,51.45
AMZN,48.49
AMZN,51.44
AMZN,51.59
AMZN,48.44
AMZN,50.54
AMZN,49.94
AMZN,50.63
AMZN,49.63
AMZN,48.44
AMZN,50.36
AMZN,50.0
AMZN,58.82
AMZN,61.15
AMZN,63.59
AMZN,61.06
AMZN,63.18
AMZN,66.55
AMZN,66.71
AMZN,63.31
AMZN,64.35
AMZN,63.96
AMZN,63.26
AMZN,61.67
AMZN,62.35
AMZN,61.95
AMZN,63.86
AMZN,61.71
AMZN,65.6
AMZN,63.71
AMZN,62.34
AMZN,64.79
AMZN,61.99
AMZN,61.7
AMZN,64.81
AMZN,64.77
AMZN,61.69
AMZN,60.49
AMZN,65.71
AMZN,68.54
AMZN,69.58
AMZN,68.63
AMZN,66.98
AMZN,71.35
AMZN,71.25
AMZN,70.1
AMZN,69.96
AMZN,75.58
AMZN,72.81
AMZN,72.4
AMZN,73.69
AMZN,70.52
AMZN,71.44
AMZN,73.44
AMZN,73.5
AMZN,76.34
AMZN,78.17
AMZN,77.99
AMZN,75.51
AMZN,76.98
AMZN,79.77
AMZN,78.94
AMZN,77.22
AMZN,74.71
AMZN,77.25
AMZN,78.05
AMZN,77.57
AMZN,78.74
AMZN,79.2
AMZN,80.61
AMZN,84.46
AMZN,83.12
AMZN,82.4
AMZN,79.79
AMZN,80.52
AMZN,78.96
AMZN,79.77
AMZN,81.9
AMZN,81.99
AMZN,79.28
AMZN,77.95
AMZN,78.61
AMZN,77.93
AMZN,74.19
AMZN,75.11
AMZN,73.6
AMZN,75.95
AMZN,77.87
AMZN,77.97
AMZN,75.96
AMZN,75.64
AMZN,78.39
AMZN,77.1
AMZN,77.65
AMZN,77.99
AMZN,83.05
AMZN,84.93
AMZN,85.68
AMZN,85.52
AMZN,87.56
AMZN,86.36
AMZN,87.08
AMZN,86.59
AMZN,85.69
AMZN,84.08
AMZN,83.18
AMZN,82.15
AMZN,82.65
AMZN,81.6
AMZN,82.96
AMZN,79.15
AMZN,77.68
AMZN,79.27
AMZN,82.2
AMZN,83.88
AMZN,83.03
AMZN,83.66
AMZN,81.6
AMZN,79.32
AMZN,78.1
AMZN,75.63
AMZN,77.36
AMZN,78.1
AMZN,77.63
AMZN,81.47
AMZN,81.95
AMZN,84.55
AMZN,86.11
AMZN,85.85
AMZN,88.23
AMZN,89.01
AMZN,88.79
AMZN,93.87
AMZN,86.49
AMZN,84.24
AMZN,84.98
AMZN,84.34
AMZN,86.09
AMZN,85.76
AMZN,87.44
AMZN,85.8
AMZN,84.29
AMZN,84.47
AMZN,85.32
AMZN,84.44
AMZN,83.56
AMZN,85.96
AMZN,84.6
AMZN,83.58
AMZN,81.06
AMZN,82.12
AMZN,83.0
AMZN,84.09
AMZN,85.0
AMZN,84.5
AMZN,84.19
AMZN,84.0
AMZN,84.31
AMZN,82.76
AMZN,81.19
AMZN,79.16
AMZN,78.14
AMZN,78.46
AMZN,78.87
AMZN,80.9
AMZN,82.24
AMZN,83.85
AMZN,84.54
AMZN,83.86
AMZN,83.55
AMZN,90.7
AMZN,90.44
AMZN,90.28
AMZN,90.56
AMZN,93.75
AMZN,92.38
AMZN,92.11
AMZN,90.52
AMZN,92.21
AMZN,91.72
AMZN,93.36
AMZN,91.04
AMZN,89.85
AMZN,88.67
AMZN,90.91
AMZN,93.97
AMZN,95.22
AMZN,95.71
AMZN,93.6
AMZN,94.83
AMZN,97.46
AMZN,96.01
AMZN,95.32
AMZN,94.68
AMZN,94.98
AMZN,93.42
AMZN,93.45
AMZN,118.49
AMZN,124.64
AMZN,122.07
AMZN,121.64
AMZN,122.58
AMZN,118.81
AMZN,118.84
AMZN,118.37
AMZN,117.1
AMZN,120.61
AMZN,126.2
AMZN,126.67
AMZN,130.15
AMZN,129.91
AMZN,130.53
AMZN,132.97
AMZN,131.59
AMZN,131.25
AMZN,131.29
AMZN,128.99
AMZN,129.66
AMZN,133.0
AMZN,132.94
AMZN,134.03
AMZN,131.74
AMZN,135.91
AMZN,138.5
AMZN,142.25
AMZN,141.17
AMZN,137.58
AMZN,134.21
AMZN,134.11
AMZN,131.31
AMZN,135.38
AMZN,134.15
AMZN,131.38
AMZN,130.23
AMZN,128.36
AMZN,126.91
AMZN,128.48
AMZN,132.79
AMZN,133.75
AMZN,138.94
AMZN,138.47
AMZN,139.31
AMZN,139.41
AMZN,136.49
AMZN,134.52
AMZN,133.9
AMZN,134.69
AMZN,132.25
AMZN,130.0
AMZN,133.52
AMZN,130.31
AMZN,127.35
AMZN,129.11
AMZN,127.35
AMZN,127.14
AMZN,127.61
AMZN,125.78
AMZN,126.62
AMZN,121.43
AMZN,120.31
AMZN,119.48
AMZN,122.75
AMZN,126.03
AMZN,125.41
AMZN,118.87
AMZN,118.12
AMZN,119.1
AMZN,115.94
AMZN,117.39
AMZN,116.83
AMZN,118.03
AMZN,117.36
AMZN,120.09
AMZN,119.66
AMZN,117.53
AMZN,116.31
AMZN,118.08
AMZN,117.52
AMZN,118.01
AMZN,117.24
AMZN,119.72
AMZN,118.2
AMZN,118.4
AMZN,124.54
AMZN,125.53
AMZN,125.89
AMZN,128.53
AMZN,128.91
AMZN,130.11
AMZN,128.82
AMZN,130.51
AMZN,133.58
AMZN,131.82
AMZN,131.13
AMZN,131.79
AMZN,131.34
AMZN,132.76
AMZN,130.35
AMZN,130.47
AMZN,129.26
AMZN,128.04
AMZN,134.73
AMZN,135.06
AMZN,135.12
AMZN,136.58
AMZN,135.77
AMZN,131.49
AMZN,135.56
AMZN,134.87
AMZN,140.96
AMZN,140.06
AMZN,141.2
AMZN,140.16
AMZN,144.28
AMZN,145.82
AMZN,142.17
AMZN,142.43
AMZN,144.2
AMZN,146.43
AMZN,150.09
AMZN,143.63
AMZN,147.11
AMZN,142.02
AMZN,139.35
AMZN,141.73
AMZN,137.1
AMZN,137.49
AMZN,129.83
AMZN,130.93
AMZN,128.71
AMZN,124.98
AMZN,131.29
AMZN,130.46
AMZN,133.87
AMZN,131.47
AMZN,128.53
AMZN,128.91
AMZN,126.28
AMZN,124.59
AMZN,119.71
AMZN,122.72
AMZN,122.12
AMZN,124.86
AMZN,123.21
AMZN,126.7
AMZN,125.46
AMZN,123.24
AMZN,126.31
AMZN,128.76
AMZN,122.77
AMZN,122.01
AMZN,118.84
AMZN,117.91
AMZN,123.21
AMZN,123.03
AMZN,123.83
AMZN,126.84
AMZN,126.9
AMZN,125.89
AMZN,125.83
AMZN,122.55
AMZN,122.31
AMZN,121.45
AMZN,118.33
AMZN,121.0
AMZN,117.8
AMZN,108.61
AMZN,109.26
AMZN,110.96
AMZN,109.14
AMZN,110.06
AMZN,113.43
AMZN,116.22
AMZN,117.26
AMZN,119.51
AMZN,123.65
AMZN,123.3
AMZN,122.06
AMZN,118.49
AMZN,119.94
AMZN,120.1
AMZN,117.43
AMZN,120.07
AMZN,118.87
AMZN,118.4
AMZN,117.13
AMZN,117.13
AMZN,116.86
AMZN,117.89
AMZN,120.07
AMZN,122.42
AMZN,127.58
AMZN,127.83
AMZN,128.32
AMZN,128.83
AMZN,130.0
AMZN,125.89
AMZN,126.56
AMZN,124.69
AMZN,126.07
AMZN,128.86
AMZN,129.65
AMZN,127.57
AMZN,127.76
AMZN,126.6
AMZN,124.53
AMZN,126.85
AMZN,124.86
AMZN,126.64
AMZN,123.79
AMZN,124.83
AMZN,132.49
AMZN,135.21
AMZN,138.79
AMZN,137.22
AMZN,139.14
AMZN,140.38
AMZN,142.44
AMZN,145.07
AMZN,145.75
AMZN,145.45
AMZN,148.13
AMZN,148.32
AMZN,151.3
AMZN,150.73
AMZN,151.83
AMZN,152.85
AMZN,160.73
AMZN,159.37
AMZN,159.7
AMZN,158.99
AMZN,157.06
AMZN,153.71
AMZN,155.39
AMZN,160.87
AMZN,155.4
AMZN,156.27
AMZN,155.55
AMZN,153.03
AMZN,156.48
AMZN,155.17
AMZN,155.53
AMZN,164.64
AMZN,163.56
AMZN,158.67
AMZN,158.67
AMZN,164.97
AMZN,169.13
AMZN,169.0
AMZN,169.95
AMZN,167.51
AMZN,166.84
AMZN,165.23
AMZN,162.58
AMZN,164.61
AMZN,168.47
AMZN,168.93
AMZN,170.77
AMZN,171.99
AMZN,170.27
AMZN,173.33
AMZN,170.37
AMZN,165.68
AMZN,158.9
AMZN,157.78
AMZN,158.35
AMZN,164.17
AMZN,164.82
AMZN,170.39
AMZN,168.2
AMZN,177.25
AMZN,177.2
AMZN,179.49
AMZN,175.4
AMZN,176.55
AMZN,176.53
AMZN,175.68
AMZN,178.05
AMZN,176.77
AMZN,176.29
AMZN,174.85
AMZN,175.62
AMZN,174.25
AMZN,173.94
AMZN,175.57
AMZN,178.04
AMZN,177.58
AMZN,183.29
AMZN,184.75
AMZN,184.76
AMZN,182.59
AMZN,182.14
AMZN,181.09
AMZN,183.37
AMZN,182.75
AMZN,180.0
AMZN,184.22
AMZN,185.01
AMZN,187.42
AMZN,185.86
AMZN,185.49
AMZN,184.68
AMZN,184.34
AMZN,184.08
AMZN,185.53
AMZN,188.75
AMZN,191.25
AMZN,186.87
AMZN,181.96
AMZN,177.42
AMZN,176.85
AMZN,176.7
AMZN,175.39
AMZN,184.45
AMZN,171.14
AMZN,169.64
AMZN,172.11
AMZN,173.53
AMZN,173.71
AMZN,175.93
AMZN,176.43
AMZN,183.06
AMZN,185.3
AMZN,186.21
AMZN,189.25
AMZN,190.42
AMZN,189.03
AMZN,186.62
AMZN,187.76
AMZN,186.5
AMZN,180.42
AMZN,176.68
AMZN,177.75
AMZN,177.24
AMZN,173.29
AMZN,169.44
AMZN,172.02
AMZN,172.79
AMZN,171.67
AMZN,169.08
AMZN,166.89
AMZN,169.05
AMZN,166.14
AMZN,168.07
AMZN,166.73
AMZN,165.08
AMZN,164.7
AMZN,160.97
AMZN,161.82
AMZN,164.52
AMZN,162.6
AMZN,165.32
AMZN,171.1
AMZN,170.98
AMZN,169.35
AMZN,174.62
AMZN,179.42
AMZN,180.13
AMZN,180.13
AMZN,182.94
AMZN,185.29
AMZN,182.76
AMZN,184.91
AMZN,184.71
AMZN,184.04
AMZN,180.48
AMZN,182.29
AMZN,181.82
AMZN,180.01
AMZN,178.34
AMZN,178.82
AMZN,183.87
AMZN,185.89
AMZN,185.42
AMZN,182.3
AMZN,196.63
AMZN,195.07
AMZN,195.81
AMZN,201.19
AMZN,198.45
AMZN,199.97
AMZN,197.11
AMZN,197.6
AMZN,200.8
AMZN,203.94
AMZN,204.38
AMZN,206.07
AMZN,202.56
AMZN,192.51
AMZN,194.81
AMZN,197.09
AMZN,198.8
AMZN,198.65
AMZN,196.22
AMZN,193.27
AMZN,192.26
AMZN,195.0
AMZN,194.13
AMZN,196.69
AMZN,192.4
AMZN,193.65
AMZN,188.32
AMZN,185.69
AMZN,187.55
AMZN,188.05
AMZN,189.68
AMZN,186.53
AMZN,186.29
AMZN,189.96
AMZN,185.98
AMZN,183.65
AMZN,186.37
AMZN,187.72
AMZN,194.23
AMZN,191.63
AMZN,194.16
AMZN,192.55
AMZN,201.25
AMZN,202.35
AMZN,204.18
AMZN,204.49
AMZN,209.49
AMZN,213.19
AMZN,214.19
AMZN,216.74
AMZN,218.28
AMZN,212.55
AMZN,211.23
AMZN,213.5
AMZN,210.38
AMZN,212.87
AMZN,211.53
AMZN,218.06
AMZN,215.55
AMZN,213.21
AMZN,216.52
AMZN,213.49
AMZN,214.18
AMZN,222.52
AMZN,223.9
AMZN,222.52
AMZN,221.32
AMZN,209.64
AMZN,209.96
AMZN,201.48
AMZN,202.7
AMZN,193.7
AMZN,205.09
AMZN,194.13
AMZN,198.36
AMZN,202.3
AMZN,202.95
AMZN,197.68
AMZN,195.93
AMZN,182.52
AMZN,178.93
AMZN,177.54
AMZN,193.55
AMZN,193.73
AMZN,192.03
AMZN,199.27
AMZN,206.53
AMZN,210.92
AMZN,215.23
AMZN,212.54
AMZN,210.0
AMZN,216.18
AMZN,219.9
AMZN,217.26
AMZN,211.39
AMZN,216.56
AMZN,219.53
AMZN,222.57
AMZN,226.78
AMZN,239.3
AMZN,241.69
AMZN,233.25
AMZN,231.87
AMZN,223.23
AMZN,223.61
AMZN,229.85
AMZN,224.21
AMZN,229.71
AMZN,222.44
AMZN,216.23
AMZN,211.98
AMZN,212.5
AMZN,219.5
AMZN,221.51
AMZN,224.74
AMZN,231.32
AMZN,235.48
AMZN,236.81
AMZN,236.15
AMZN,246.71
AMZN,242.33
AMZN,243.88
AMZN,231.53
AMZN,233.61
AMZN,234.78
AMZN,237.61
AMZN,227.15
AMZN,198.4
AMZN,206.78
AMZN,217.32
AMZN,213.51
AMZN,212.1
AMZN,215.62
AMZN,218.29
AMZN,216.48
AMZN,217.0
AMZN,217.99
AMZN,211.22
AMZN,210.79
AMZN,217.39
AMZN,218.93
AMZN,217.83
AMZN,211.99
AMZN,204.52
AMZN,197.14
AMZN,189.25
AMZN,192.34
AMZN,188.99
AMZN,182.4
AMZN,194.15
AMZN,188.39
AMZN,192.29
AMZN,197.13
AMZN,196.03
AMZN,196.24
AMZN,191.99
AMZN,195.32
AMZN,190.48
AMZN,193.03
AMZN,189.52
AMZN,180.51
AMZN,180.21
AMZN,181.26
AMZN,181.26
AMZN,179.33
AMZN,182.52
AMZN,174.35
AMZN,179.03
AMZN,177.28
AMZN,176.27
AMZN,173.89
AMZN,173.86
AMZN,173.1
AMZN,179.03
AMZN,177.51
AMZN,177.61
AMZN,182.61
AMZN,178.56
AMZN,179.34
AMZN,178.9
AMZN,175.93
AMZN,178.42
AMZN,181.66
AMZN,189.44
AMZN,194.45
AMZN,190.93
AMZN,186.09
AMZN,187.0
AMZN,187.8
AMZN,193.32
AMZN,195.37
AMZN,192.15
AMZN,194.44
AMZN,179.46
AMZN,181.72
AMZN,187.68
AMZN,183.14
AMZN,184.19
AMZN,185.48
AMZN,184.98
AMZN,185.54
AMZN,191.59
AMZN,191.3
AMZN,184.47
AMZN,179.93
AMZN,182.5
AMZN,182.26
AMZN,180.58
AMZN,178.89
AMZN,179.13
AMZN,178.53
AMZN,183.8
AMZN,179.69
AMZN,180.04
AMZN,179.3
AMZN,180.26
AMZN,181.09
AMZN,183.77
AMZN,187.64
AMZN,184.32
AMZN,183.39
AMZN,184.59
AMZN,182.26
AMZN,184.43
AMZN,185.05
AMZN,185.52
AMZN,192.33
AMZN,191.73
AMZN,192.4
AMZN,195.04
AMZN,202.87
AMZN,205.44
AMZN,201.16
AMZN,204.61
AMZN,202.51
AMZN,198.05
AMZN,199.66
AMZN,193.99
AMZN,194.39
AMZN,191.87
AMZN,186.98
AMZN,187.97
AMZN,190.69
AMZN,188.46
AMZN,185.5
AMZN,188.39
AMZN,191.07
AMZN,191.1
AMZN,189.98
AMZN,188.24
AMZN,190.33
AMZN,194.42
AMZN,195.99
AMZN,226.85
AMZN,231.9
AMZN,230.04
AMZN,230.25
AMZN,229.45
AMZN,223.99
AMZN,225.16
AMZN,223.9
AMZN,222.98
AMZN,226.69
AMZN,227.68
AMZN,222.93
AMZN,224.39
AMZN,224.06
AMZN,218.36
AMZN,213.85
AMZN,218.11
AMZN,215.33
AMZN,217.28
AMZN,215.24
AMZN,212.89
AMZN,214.75
AMZN,209.23
AMZN,212.91
AMZN,208.22
AMZN,214.57
AMZN,213.21
AMZN,217.64
AMZN,218.8
AMZN,218.48
AMZN,216.5
AMZN,216.42
AMZN,214.73
AMZN,214.45
AMZN,218.35
AMZN,222.66
AMZN,224.03
AMZN,223.02
AMZN,220.58
AMZN,222.16
AMZN,220.07
AMZN,225.61
AMZN,225.62
AMZN,221.31
AMZN,228.35
AMZN,229.32
AMZN,229.53
AMZN,227.06
AMZN,225.05
AMZN,225.05
AMZN,219.5
AMZN,218.37
AMZN,215.36
AMZN,218.39
AMZN,216.01
AMZN,216.93
AMZN,217.47
AMZN,226.17
AMZN,228.29
AMZN,226.01
AMZN,223.04
AMZN,217.05
AMZN,220.01
AMZN,237.32
AMZN,236.09
AMZN,233.3
AMZN,232.09
AMZN,230.81
AMZN,234.97
AMZN,233.99
AMZN,236.56
AMZN,234.38
AMZN,234.06
AMZN,232.75
AMZN,232.44
AMZN,233.19
AMZN,237.42
AMZN,241.55
AMZN,241.17
AMZN,240.35
AMZN,239.45
AMZN,243.1
AMZN,241.2
AMZN,245.74
AMZN,243.92
AMZN,246.11
AMZN,247.12
AMZN,246.22
AMZN,248.27
AMZN,247.88
AMZN,246.22
AMZN,251.38
AMZN,259.14
AMZN,257.09
AMZN,255.67
AMZN,255.63
AMZN,260.24
AMZN,261.27
AMZN,258.0
AMZN,258.75
AMZN,261.68
AMZN,260.81
AMZN,257.47
AMZN,254.8
AMZN,252.46
AMZN,249.67
AMZN,256.59
AMZN,254.32
AMZN,252.01
AMZN,250.6
AMZN,255.92
AMZN,260.47
AMZN,258.51
AMZN,259.06
AMZN,250.96
AMZN,244.99
AMZN,244.22
AMZN,242.36
AMZN,244.18
AMZN,243.94
AMZN,247.49
AMZN,244.85
AMZN,240.0
AMZN,233.78
AMZN,234.31
AMZN,228.49
AMZN,222.92
AMZN,238.24
AMZN,232.89
AMZN,232.14
AMZN,232.42
AMZN,234.33
AMZN,237.56
AMZN,232.06
AMZN,227.35
AMZN,226.31
AMZN,226.47
AMZN,226.6
AMZN,222.95
AMZN,220.6
AMZN,225.23
AMZN,229.71
AMZN,233.78
AMZN,238.03
AMZN,239.88
AMZN,243.62
AMZN,243.4
AMZN,247.11
AMZN,251.27
AMZN,252.05
AMZN,250.33
AMZN,252.49
AMZN,253.96
AMZN,253.37
AMZN,253.27
AMZN,247.77
AMZN,250.69
AMZN,251.76
AMZN,251.25
AMZN,249.19
AMZN,253.86
AMZN,260.4
AMZN,257.99
AMZN,261.5
AMZN,256.92
AMZN,258.62
AMZN,248.63
AMZN,248.31
AMZN,245.18
AMZN,250.87
AMZN,257.31
AMZN,258.48
AMZN,259.15
AMZN,268.46
AMZN,266.38
AMZN,266.35
AMZN,265.34
AMZN,267.94
AMZN,272.73
AMZN,271.9
AMZN,268.93
AMZN,270.48
AMZN,272.12
AMZN,270.19
AMZN,268.11
AMZN,273.62
AMZN,283.99
AMZN,276.04
AMZN,260.35
AMZN,272.76
AMZN,265.5
AMZN,265.0
AMZN,259.98
AMZN,266.89
AMZN,262.22
AMZN,260.23
AMZN,261.95
AMZN,257.21
AMZN,258.7
AMZN,269.47
AMZN,269.24
AMZN,265.09
AMZN,269.75
AMZN,266.41
AMZN,265.94
AMZN,265.42
AMZN,259.87
AMZN,259.36
AMZN,263.25
AMZN,264.27
AMZN,265.74
AMZN,273.11
AMZN,275.59
AMZN,273.79
AMZN,273.88
AMZN,274.19
AMZN,271.24
AMZN,274.13
AMZN,275.1
AMZN,265.74
AMZN,261.82
AMZN,257.89
AMZN,256.41
AMZN,257.28
AMZN,253.39
AMZN,257.75
AMZN,256.02
AMZN,260.31
AMZN,265.3
AMZN,266.49
AMZN,261.61
AMZN,263.32
AMZN,259.03
AMZN,259.08
AMZN,255.48
AMZN,258.95
AMZN,261.14
AMZN,264.77
AMZN,269.85
AMZN,272.87
AMZN,267.72
AMZN,272.34
AMZN,267.4
AMZN,259.42
AMZN,260.32
AMZN,263.55
AMZN,268.9
AMZN,268.78
AMZN,274.7
AMZN,254.81
AMZN,249.74
AMZN,253.81
AMZN,248.23
AMZN,252.55
AMZN,258.05
AMZN,255.72
AMZN,257.73
AMZN,258.68
AMZN,260.16
AMZN,263.63
AMZN,264.51
AMZN,268.33
AMZN,266.56
AMZN,264.12
AMZN,269.9
AMZN,267.63
AMZN,268.86
AMZN,262.96
AMZN,261.8
AMZN,261.74
AMZN,267.29
AMZN,265.53
AMZN,266.83
AMZN,269.2
AMZN,266.88
AMZN,265.7
AMZN,267.17
AMZN,267.83
AMZN,276.87
AMZN,281.07
AMZN,274.78
AMZN,271.67
AMZN,275.79
AMZN,273.99
AMZN,278.06
AMZN,281.76
AMZN,278.16
AMZN,273.44
AMZN,273.36
AMZN,270.61
AMZN,272.09
AMZN,277.57
AMZN,277.55
AMZN,277.69
AMZN,282.1
AMZN,283.73
AMZN,284.03
AMZN,285.88
AMZN,290.59
AMZN,291.53
AMZN,292.33
AMZN,299.66
AMZN,307.55
AMZN,306.57
AMZN,306.87
AMZN,308.69
AMZN,304.11
AMZN,305.23
AMZN,303.48
AMZN,301.06
AMZN,298.94
AMZN,303.4
AMZN,312.01
AMZN,306.1
AMZN,302.41
AMZN,301.22
AMZN,305.57
AMZN,304.21
AMZN,300.99
AMZN,300.75
AMZN,296.91
AMZN,295.74
AMZN,297.26
AMZN,296.69
AMZN,293.97
AMZN,291.34
AMZN,286.47
AMZN,284.82
AMZN,285.57
AMZN,287.09
AMZN,284.57
AMZN,289.73
AMZN,290.01
AMZN,286.21
AMZN,280.93
AMZN,281.58
AMZN,283.98
AMZN,280.98
AMZN,288.8
AMZN,293.64
AMZN,294.1
AMZN,295.86
AMZN,299.71
AMZN,300.36
AMZN,299.64
AMZN,298.86
AMZN,297.92
AMZN,296.06
AMZN,304.17
AMZN,312.03
AMZN,312.06
AMZN,316.34
AMZN,311.49
AMZN,314.13
AMZN,312.65
AMZN,318.12
AMZN,316.01
AMZN,312.64
AMZN,320.95
AMZN,320.51
AMZN,314.76
AMZN,319.04
AMZN,310.03
AMZN,303.23
AMZN,298.23
AMZN,305.17
AMZN,310.89
AMZN,310.7
AMZN,306.4
AMZN,310.49
AMZN,310.77
AMZN,328.93
AMZN,326.44
AMZN,332.54
AMZN,326.76
AMZN,332.21
AMZN,363.39
AMZN,358.16
AMZN,362.7
AMZN,361.08
AMZN,364.03
AMZN,359.0
AMZN,358.74
AMZN,358.89
AMZN,356.18
AMZN,343.56
AMZN,350.31
AMZN,354.38
AMZN,349.53
AMZN,356.22
AMZN,367.4
AMZN,369.17
AMZN,366.18
AMZN,364.94
AMZN,362.57
AMZN,368.92
AMZN,372.31
AMZN,376.64
AMZN,381.37
AMZN,386.71
AMZN,393.62
AMZN,392.3
AMZN,384.66
AMZN,385.96
AMZN,384.49
AMZN,386.95
AMZN,384.89
AMZN,387.78
AMZN,382.19
AMZN,381.25
AMZN,384.24
AMZN,388.97
AMZN,387.65
AMZN,395.96
AMZN,395.19
AMZN,402.2
AMZN,402.92
AMZN,399.2
AMZN,404.39
AMZN,398.08
AMZN,393.37
AMZN,398.79
AMZN,397.97
AMZN,396.44
AMZN,393.63
AMZN,398.03
AMZN,401.92
AMZN,401.01
AMZN,397.66
AMZN,390.98
AMZN,397.54
AMZN,395.87
AMZN,395.8
AMZN,399.61
AMZN,407.05
AMZN,404.54
AMZN,399.87
AMZN,387.6
AMZN,386.28
AMZN,394.43
AMZN,384.2
AMZN,403.01
AMZN,358.69
AMZN,346.15
AMZN,347.95
AMZN,346.45
AMZN,354.59
AMZN,361.08
AMZN,360.87
AMZN,361.79
AMZN,349.25
AMZN,357.2
AMZN,357.35
AMZN,353.65
AMZN,347.38
AMZN,349.8
AMZN,346.76
AMZN,351.78
AMZN,358.32
AMZN,359.8
AMZN,360.13
AMZN,362.1
AMZN,359.78
AMZN,363.9
AMZN,372.37
AMZN,372.16
AMZN,372.06
AMZN,370.53
AMZN,368.82
AMZN,370.64
AMZN,371.51
AMZN,373.74
AMZN,375.04
AMZN,378.77
AMZN,373.23
AMZN,368.97
AMZN,360.62
AMZN,351.85
AMZN,354.71
AMZN,343.41
AMZN,338.47
AMZN,338.29
AMZN,336.36
AMZN,342.99
AMZN,341.96
AMZN,333.62
AMZN,323.0
AMZN,317.76
AMZN,327.07
AMZN,331.8
AMZN,317.11
AMZN,311.73
AMZN,315.91
AMZN,316.08
AMZN,323.68
AMZN,324.91
AMZN,330.87
AMZN,329.32
AMZN,324.58
AMZN,337.15
AMZN,303.83
AMZN,296.58
AMZN,300.38
AMZN,304.13
AMZN,307.89
AMZN,308.01
AMZN,310.05
AMZN,297.38
AMZN,292.71
AMZN,288.32
AMZN,292.24
AMZN,302.86
AMZN,304.64
AMZN,297.62
AMZN,295.19
AMZN,297.7
AMZN,296.76
AMZN,301.19
AMZN,305.01
AMZN,304.91
AMZN,312.24
AMZN,310.82
AMZN,310.16
AMZN,313.78
AMZN,312.55
AMZN,308.84
AMZN,307.19
AMZN,306.78
AMZN,323.57
AMZN,329.67
AMZN,327.5
AMZN,332.41
AMZN,335.2
AMZN,325.91
AMZN,326.27
AMZN,327.62
AMZN,325.62
AMZN,334.38
AMZN,327.0
AMZN,324.2
AMZN,327.24
AMZN,324.16
AMZN,327.44
AMZN,325.69
AMZN,324.57
AMZN,324.78
AMZN,332.39
AMZN,332.85
AMZN,337.49
AMZN,333.55
AMZN,323.81
AMZN,329.97
AMZN,327.92
AMZN,346.2
AMZN,355.32
AMZN,354.44
AMZN,355.9
AMZN,352.45
AMZN,358.66
AMZN,359.76
AMZN,360.84
AMZN,358.14
AMZN,358.61
AMZN,324.01
AMZN,320.41
AMZN,320.0
AMZN,322.51
AMZN,312.99
AMZN,307.06
AMZN,313.65
AMZN,312.32
AMZN,313.89
AMZN,311.45
AMZN,316.8
AMZN,318.33
AMZN,319.32
AMZN,326.28
AMZN,333.21
AMZN,333.63
AMZN,334.53
AMZN,335.13
AMZN,335.78
AMZN,332.91
AMZN,331.59
AMZN,334.02
AMZN,341.83
AMZN,343.18
AMZN,340.02
AMZN,339.04
AMZN,342.38
AMZN,339.0
AMZN,345.95
AMZN,346.38
AMZN,342.34
AMZN,329.75
AMZN,331.33
AMZN,330.52
AMZN,331.19
AMZN,323.89
AMZN,327.76
AMZN,324.0
AMZN,325.0
AMZN,331.32
AMZN,324.5
AMZN,323.63
AMZN,328.21
AMZN,321.93
AMZN,323.21
AMZN,321.82
AMZN,322.44
AMZN,317.46
AMZN,318.41
AMZN,322.74
AMZN,322.2
AMZN,316.98
AMZN,322.7
AMZN,315.37
AMZN,311.39
AMZN,306.45
AMZN,308.31
AMZN,305.97
AMZN,302.86
AMZN,303.64
AMZN,306.21
AMZN,315.33
AMZN,312.97
AMZN,313.18
AMZN,287.06
AMZN,289.97
AMZN,295.59
AMZN,294.12
AMZN,299.07
AMZN,305.46
AMZN,305.72
AMZN,302.81
AMZN,296.52
AMZN,296.64
AMZN,299.86
AMZN,305.11
AMZN,312.01
AMZN,311.51
AMZN,316.48
AMZN,327.82
AMZN,323.05
AMZN,324.93
AMZN,326.54
AMZN,330.54
AMZN,332.63
AMZN,335.64
AMZN,335.04
AMZN,333.57
AMZN,338.64
AMZN,326.0
AMZN,326.31
AMZN,316.5
AMZN,316.93
AMZN,312.63
AMZN,306.64
AMZN,312.5
AMZN,305.84
AMZN,307.36
AMZN,307.32
AMZN,306.07
AMZN,295.06
AMZN,298.88
AMZN,297.73
AMZN,299.9
AMZN,306.54
AMZN,306.28
AMZN,303.03
AMZN,309.09
AMZN,312.04
AMZN,310.3
AMZN,310.35
AMZN,308.52
AMZN,302.19
AMZN,295.29
AMZN,298.42
AMZN,300.46
AMZN,296.93
AMZN,291.41
AMZN,294.74
AMZN,293.27
AMZN,286.95
AMZN,290.74
AMZN,289.44
AMZN,297.25
AMZN,310.32
AMZN,312.39
AMZN,309.66
AMZN,306.75
AMZN,303.91
AMZN,311.78
AMZN,354.53
AMZN,364.47
AMZN,363.55
AMZN,364.75
AMZN,373.89
AMZN,374.28
AMZN,370.56
AMZN,373.0
AMZN,375.14
AMZN,377.17
AMZN,381.83
AMZN,375.43
AMZN,373.37
AMZN,379.0
AMZN,383.66
AMZN,380.14
AMZN,378.59
AMZN,385.37
AMZN,384.8
AMZN,380.16
AMZN,385.66
AMZN,384.61
AMZN,382.72
AMZN,387.83
AMZN,380.09
AMZN,378.56
AMZN,369.51
AMZN,366.37
AMZN,374.24
AMZN,370.58
AMZN,373.35
AMZN,371.92
AMZN,375.14
AMZN,373.24
AMZN,378.49
AMZN,375.11
AMZN,374.09
AMZN,370.96
AMZN,367.35
AMZN,370.56
AMZN,374.59
AMZN,372.1
AMZN,370.26
AMZN,372.25
AMZN,377.04
AMZN,374.41
AMZN,381.2
AMZN,383.54
AMZN,382.65
AMZN,382.36
AMZN,385.11
AMZN,383.45
AMZN,386.04
AMZN,375.56
AMZN,389.51
AMZN,391.18
AMZN,389.8
AMZN,389.99
AMZN,445.1
AMZN,438.56
AMZN,429.31
AMZN,429.37
AMZN,421.78
AMZN,422.87
AMZN,423.04
AMZN,421.19
AMZN,419.1
AMZN,426.88
AMZN,433.69
AMZN,432.85
AMZN,431.02
AMZN,426.87
AMZN,432.28
AMZN,426.0
AMZN,425.24
AMZN,421.71
AMZN,423.86
AMZN,431.63
AMZN,427.63
AMZN,425.47
AMZN,431.42
AMZN,426.57
AMZN,429.23
AMZN,430.92
AMZN,430.99
AMZN,436.59
AMZN,430.78
AMZN,426.95
AMZN,423.5
AMZN,425.48
AMZN,430.77
AMZN,432.97
AMZN,429.92
AMZN,423.67
AMZN,427.26
AMZN,427.81
AMZN,439.39
AMZN,434.92
AMZN,436.29
AMZN,445.99
AMZN,440.84
AMZN,440.1
AMZN,438.1
AMZN,429.86
AMZN,434.09
AMZN,437.39
AMZN,437.71
AMZN,436.04
AMZN,436.72
AMZN,429.7
AMZN,434.39
AMZN,443.51
AMZN,455.57
AMZN,465.57
AMZN,461.19
AMZN,475.48
AMZN,483.01
AMZN,488.1
AMZN,488.0
AMZN,488.27
AMZN,482.18
AMZN,529.42
AMZN,531.41
AMZN,526.03
AMZN,529.0
AMZN,536.76
AMZN,536.15
AMZN,535.03
AMZN,531.9
AMZN,537.01
AMZN,529.46
AMZN,522.62
AMZN,524.0
AMZN,527.46
AMZN,525.91
AMZN,529.66
AMZN,531.52
AMZN,535.22
AMZN,535.02
AMZN,532.92
AMZN,515.78
AMZN,494.47
AMZN,463.37
AMZN,466.37
AMZN,500.77
AMZN,518.37
AMZN,518.01
AMZN,512.89
AMZN,496.54
AMZN,510.55
AMZN,504.72
AMZN,499.0
AMZN,517.54
AMZN,516.89
AMZN,522.24
AMZN,529.44
AMZN,521.38
AMZN,522.37
AMZN,527.39
AMZN,538.87
AMZN,540.26
AMZN,548.39
AMZN,538.4
AMZN,536.07
AMZN,533.75
AMZN,524.25
AMZN,504.06
AMZN,496.07
AMZN,511.89
AMZN,520.72
AMZN,532.54
AMZN,543.68
AMZN,537.48
AMZN,541.94
AMZN,533.16
AMZN,539.8
AMZN,550.19
AMZN,548.9
AMZN,544.83
AMZN,562.44
AMZN,570.76
AMZN,573.15
AMZN,560.88
AMZN,555.77
AMZN,563.91
AMZN,599.03
AMZN,608.61
AMZN,611.01
AMZN,617.1
AMZN,626.55
AMZN,625.9
AMZN,628.35
AMZN,625.31
AMZN,640.95
AMZN,655.65
AMZN,659.37
AMZN,655.49
AMZN,659.68
AMZN,673.25
AMZN,665.6
AMZN,642.35
AMZN,647.81
AMZN,643.3
AMZN,663.54
AMZN,661.27
AMZN,668.45
AMZN,678.99
AMZN,671.15
AMZN,675.34
AMZN,673.26
AMZN,664.8
AMZN,679.06
AMZN,676.01
AMZN,666.25
AMZN,672.64
AMZN,669.83
AMZN,677.33
AMZN,664.79
AMZN,662.32
AMZN,640.15
AMZN,657.91
AMZN,658.64
AMZN,675.77
AMZN,670.65
AMZN,664.14
AMZN,664.51
AMZN,663.15
AMZN,663.7
AMZN,662.79
AMZN,675.2
AMZN,693.97
AMZN,689.07
AMZN,675.89
AMZN,636.99
AMZN,633.79
AMZN,632.65
AMZN,607.94
AMZN,607.05
AMZN,617.74
AMZN,617.89
AMZN,581.81
AMZN,593.0
AMZN,570.18
AMZN,574.48
AMZN,571.77
AMZN,575.02
AMZN,596.38
AMZN,596.53
AMZN,601.25
AMZN,583.35
AMZN,635.35
AMZN,587.0
AMZN,574.81
AMZN,552.1
AMZN,531.07
AMZN,536.26
AMZN,502.13
AMZN,488.1
AMZN,482.07
AMZN,490.48
AMZN,503.82
AMZN,507.08
AMZN,521.1
AMZN,534.1
AMZN,525.0
AMZN,534.9
AMZN,559.5
AMZN,552.94
AMZN,554.04
AMZN,555.15
AMZN,555.23
AMZN,552.52
AMZN,579.04
AMZN,580.21
AMZN,577.49
AMZN,575.14
AMZN,562.8
AMZN,560.26
AMZN,559.47
AMZN,558.93
AMZN,569.61
AMZN,573.37
AMZN,577.02
AMZN,574.27
AMZN,559.44
AMZN,552.08
AMZN,553.98
AMZN,560.48
AMZN,569.63
AMZN,582.95
AMZN,579.87
AMZN,593.86
AMZN,598.69
AMZN,593.64
AMZN,598.5
AMZN,593.19
AMZN,586.14
AMZN,602.08
AMZN,591.43
AMZN,594.6
AMZN,595.93
AMZN,603.17
AMZN,614.82
AMZN,620.75
AMZN,625.89
AMZN,635.35
AMZN,627.9
AMZN,632.99
AMZN,631.0
AMZN,620.5
AMZN,626.2
AMZN,616.88
AMZN,606.57
AMZN,602.0
AMZN,659.59
AMZN,683.85
AMZN,671.32
AMZN,670.9
AMZN,659.09
AMZN,673.95
AMZN,679.75
AMZN,703.07
AMZN,713.23
AMZN,717.93
AMZN,709.92
AMZN,710.66
AMZN,695.27
AMZN,697.45
AMZN,698.52
AMZN,702.8
AMZN,696.75
AMZN,704.2
AMZN,708.35
AMZN,714.91
AMZN,712.24
AMZN,722.79
AMZN,719.44
AMZN,728.24
AMZN,725.54
AMZN,726.73
AMZN,723.74
AMZN,726.64
AMZN,727.65
AMZN,717.91
AMZN,715.24
AMZN,719.3
AMZN,714.26
AMZN,717.51
AMZN,706.39
AMZN,714.01
AMZN,715.82
AMZN,710.6
AMZN,722.08
AMZN,698.96
AMZN,691.36
AMZN,707.95
AMZN,715.6
AMZN,715.62
AMZN,725.68
AMZN,728.1
AMZN,737.61
AMZN,736.57
AMZN,745.81
AMZN,753.78
AMZN,748.21
AMZN,742.63
AMZN,741.2
AMZN,735.44
AMZN,736.07
AMZN,739.95
AMZN,745.72
AMZN,744.43
AMZN,744.86
AMZN,739.61
AMZN,735.59
AMZN,736.67
AMZN,752.61
AMZN,758.81
AMZN,767.74
AMZN,760.58
AMZN,754.64
AMZN,760.77
AMZN,765.98
AMZN,766.56
AMZN,768.31
AMZN,768.56
AMZN,771.24
AMZN,772.56
AMZN,768.49
AMZN,764.04
AMZN,764.63
AMZN,764.46
AMZN,757.31
AMZN,759.48
AMZN,762.45
AMZN,757.25
AMZN,759.22
AMZN,769.0
AMZN,771.29
AMZN,767.58
AMZN,769.16
AMZN,770.62
AMZN,772.44
AMZN,788.87
AMZN,784.48
AMZN,784.06
AMZN,760.14
AMZN,771.49
AMZN,761.01
AMZN,761.09
AMZN,769.69
AMZN,778.52
AMZN,775.1
AMZN,780.22
AMZN,789.74
AMZN,804.7
AMZN,805.75
AMZN,799.16
AMZN,816.11
AMZN,828.72
AMZN,829.05
AMZN,837.31
AMZN,836.74
AMZN,834.03
AMZN,844.36
AMZN,841.66
AMZN,839.43
AMZN,841.71
AMZN,831.0
AMZN,834.09
AMZN,829.28
AMZN,822.96
AMZN,812.95
AMZN,817.65
AMZN,817.69
AMZN,810.32
AMZN,818.99
AMZN,838.09
AMZN,835.18
AMZN,822.59
AMZN,818.36
AMZN,776.32
AMZN,789.82
AMZN,785.41
AMZN,765.56
AMZN,767.03
AMZN,755.05
AMZN,784.93
AMZN,787.75
AMZN,771.88
AMZN,742.38
AMZN,739.01
AMZN,719.07
AMZN,743.24
AMZN,746.49
AMZN,756.4
AMZN,760.16
AMZN,780.0
AMZN,785.33
AMZN,780.12
AMZN,780.37
AMZN,766.77
AMZN,762.52
AMZN,750.57
AMZN,743.65
AMZN,740.34
AMZN,759.36
AMZN,764.72
AMZN,770.42
AMZN,767.33
AMZN,768.66
AMZN,760.12
AMZN,774.34
AMZN,768.82
AMZN,761.0
AMZN,757.77
AMZN,766.0
AMZN,771.22
AMZN,770.6
AMZN,766.34
AMZN,760.59
AMZN,771.4
AMZN,772.13
AMZN,765.15
AMZN,749.87
AMZN,753.67
AMZN,757.18
AMZN,780.45
AMZN,795.99
AMZN,796.92
AMZN,795.9
AMZN,799.02
AMZN,813.64
AMZN,817.14
AMZN,809.72
AMZN,807.48
AMZN,809.04
AMZN,808.33
AMZN,817.88
AMZN,822.44
AMZN,836.52
AMZN,839.15
AMZN,835.77
AMZN,830.38
AMZN,823.48
AMZN,832.35
AMZN,839.95
AMZN,810.2
AMZN,807.64
AMZN,812.5
AMZN,819.71
AMZN,821.36
AMZN,827.46
AMZN,836.53
AMZN,836.39
AMZN,842.7
AMZN,844.14
AMZN,845.07
AMZN,856.44
AMZN,855.61
AMZN,852.19
AMZN,845.24
AMZN,848.64
AMZN,845.04
AMZN,853.08
AMZN,848.91
AMZN,849.88
AMZN,846.61
AMZN,846.02
AMZN,850.5
AMZN,853.0
AMZN,852.46
AMZN,854.59
AMZN,852.53
AMZN,852.97
AMZN,853.42
AMZN,852.31
AMZN,856.97
AMZN,843.2
AMZN,848.06
AMZN,847.38
AMZN,845.61
AMZN,846.82
AMZN,856.0
AMZN,874.32
AMZN,876.34
AMZN,886.54
AMZN,891.51
AMZN,906.83
AMZN,909.28
AMZN,898.28
AMZN,894.88
AMZN,907.04
AMZN,902.36
AMZN,896.23
AMZN,884.67
AMZN,901.99
AMZN,903.78
AMZN,899.2
AMZN,902.06
AMZN,898.53
AMZN,907.41
AMZN,907.62
AMZN,909.29
AMZN,918.38
AMZN,924.99
AMZN,948.23
AMZN,946.94
AMZN,941.03
AMZN,937.53
AMZN,934.15
AMZN,949.04
AMZN,952.82
AMZN,948.95
AMZN,947.62
AMZN,961.35
AMZN,957.97
AMZN,966.07
AMZN,944.76
AMZN,958.49
AMZN,959.84
AMZN,970.67
AMZN,971.54
AMZN,980.35
AMZN,993.38
AMZN,995.78
AMZN,996.7
AMZN,994.62
AMZN,995.95
AMZN,1006.73
AMZN,1011.34
AMZN,1003.0
AMZN,1010.07
AMZN,1010.27
AMZN,978.31
AMZN,964.91
AMZN,980.79
AMZN,976.47
AMZN,964.17
AMZN,987.71
AMZN,995.17
AMZN,992.59
AMZN,1002.23
AMZN,1001.3
AMZN,1003.74
AMZN,993.98
AMZN,976.78
AMZN,990.33
AMZN,975.93
AMZN,968.0
AMZN,953.66
AMZN,971.4
AMZN,965.14
AMZN,978.76
AMZN,996.47
AMZN,994.13
AMZN,1006.51
AMZN,1000.63
AMZN,1001.81
AMZN,1010.04
AMZN,1024.45
AMZN,1026.87
AMZN,1028.7
AMZN,1025.67
AMZN,1038.95
AMZN,1039.87
AMZN,1052.8
AMZN,1046.0
AMZN,1020.04
AMZN,987.78
AMZN,996.19
AMZN,995.89
AMZN,986.92
AMZN,987.58
AMZN,992.27
AMZN,989.84
AMZN,982.01
AMZN,956.92
AMZN,967.99
AMZN,983.3
AMZN,982.74
AMZN,978.18
AMZN,960.57
AMZN,958.47
AMZN,953.29
AMZN,966.9
AMZN,958.0
AMZN,952.45
AMZN,945.26
AMZN,946.02
AMZN,954.06
AMZN,967.59
AMZN,980.6
AMZN,978.25
AMZN,965.27
AMZN,967.8
AMZN,979.47
AMZN,965.9
AMZN,977.96
AMZN,982.58
AMZN,999.6
AMZN,992.21
AMZN,986.79
AMZN,974.19
AMZN,969.86
AMZN,973.21
AMZN,964.65
AMZN,955.1
AMZN,939.79
AMZN,938.6
AMZN,950.87
AMZN,956.4
AMZN,961.35
AMZN,959.19
AMZN,957.1
AMZN,965.45
AMZN,980.85
AMZN,989.58
AMZN,990.99
AMZN,987.2
AMZN,995.0
AMZN,1000.93
AMZN,1002.94
AMZN,1006.34
AMZN,1009.13
AMZN,997.0
AMZN,986.61
AMZN,982.91
AMZN,966.3
AMZN,975.9
AMZN,972.91
AMZN,972.43
AMZN,1100.95
AMZN,1110.85
AMZN,1105.28
AMZN,1103.68
AMZN,1094.22
AMZN,1111.6
AMZN,1120.66
AMZN,1123.17
AMZN,1132.88
AMZN,1129.13
AMZN,1125.35
AMZN,1129.17
AMZN,1136.84
AMZN,1126.69
AMZN,1137.29
AMZN,1129.88
AMZN,1126.31
AMZN,1139.49
AMZN,1156.16
AMZN,1186.0
AMZN,1195.83
AMZN,1193.6
AMZN,1161.27
AMZN,1176.75
AMZN,1162.35
AMZN,1133.95
AMZN,1141.57
AMZN,1152.35
AMZN,1159.79
AMZN,1162.0
AMZN,1168.92
AMZN,1165.08
AMZN,1164.13
AMZN,1174.26
AMZN,1179.14
AMZN,1190.58
AMZN,1187.38
AMZN,1177.62
AMZN,1174.76
AMZN,1168.36
AMZN,1176.76
AMZN,1182.26
AMZN,1186.1
AMZN,1169.47
